Designator,Mid X,Mid Y,Layer,Rotation
AE601,176.09,-117.74,T,0.00
AE601,176.09,-27.74,T,0.00
AE602,121.64,-18.44,B,90.00
AE602,121.64,-108.44,B,90.00
BT301,126.40,-165.70,B,270.00
BT301,126.40,-75.70,B,270.00
BZ101,180.85,-158.72,B,0.00
BZ101,180.85,-68.72,B,0.00
C101,158.07,-46.38,B,270.00
C101,158.07,-136.38,B,270.00
C102,149.47,-128.28,B,0.00
C102,149.47,-38.28,B,0.00
C103,158.24,-122.96,B,90.00
C103,158.24,-32.96,B,90.00
C104,164.87,-130.88,B,180.00
C104,164.87,-40.88,B,180.00
C105,159.94,-136.46,B,270.00
C105,159.94,-46.46,B,270.00
C106,149.44,-130.76,B,0.00
C106,149.44,-40.76,B,0.00
C107,151.62,-133.38,B,270.00
C107,151.62,-43.38,B,270.00
C108,152.02,-34.56,B,90.00
C108,152.02,-124.56,B,90.00
C109,155.74,-136.38,B,270.00
C109,155.74,-46.38,B,270.00
C110,164.84,-132.11,B,180.00
C110,164.84,-42.11,B,180.00
C111,157.24,-122.96,B,90.00
C111,157.24,-32.96,B,90.00
C112,163.12,-122.88,B,180.00
C112,163.12,-32.88,B,180.00
C113,161.39,-122.83,B,270.00
C113,161.39,-32.83,B,270.00
C114,163.77,-34.58,B,90.00
C114,163.77,-124.58,B,90.00
C115,163.89,-126.74,B,90.00
C115,163.89,-36.74,B,90.00
C116,164.82,-36.74,B,90.00
C116,164.82,-126.74,B,90.00
C117,147.37,-41.08,B,270.00
C117,147.37,-131.08,B,270.00
C118,147.37,-38.08,B,90.00
C118,147.37,-128.08,B,90.00
C201,110.65,-32.59,B,90.00
C201,110.65,-122.59,B,90.00
C202,119.25,-40.69,B,180.00
C202,119.25,-130.69,B,180.00
C203,110.47,-136.01,B,270.00
C203,110.47,-46.01,B,270.00
C204,103.85,-38.09,B,0.00
C204,103.85,-128.09,B,0.00
C205,108.78,-122.51,B,90.00
C205,108.78,-32.51,B,90.00
C206,119.28,-38.22,B,180.00
C206,119.28,-128.22,B,180.00
C207,117.18,-125.49,B,90.00
C207,117.18,-35.49,B,90.00
C208,115.42,-45.89,B,270.00
C208,115.42,-135.89,B,270.00
C209,112.98,-122.59,B,90.00
C209,112.98,-32.59,B,90.00
C210,103.88,-126.86,B,0.00
C210,103.88,-36.87,B,0.00
C211,111.47,-136.01,B,270.00
C211,111.47,-46.01,B,270.00
C212,105.68,-45.79,B,0.00
C212,105.68,-135.79,B,0.00
C213,107.33,-46.14,B,90.00
C213,107.33,-136.14,B,90.00
C214,105.08,-44.34,B,270.00
C214,105.08,-134.34,B,270.00
C215,104.83,-42.23,B,270.00
C215,104.83,-132.23,B,270.00
C216,103.90,-132.23,B,270.00
C216,103.90,-42.23,B,270.00
C217,121.35,-37.89,B,90.00
C217,121.35,-127.89,B,90.00
C218,121.35,-40.89,B,270.00
C218,121.35,-130.89,B,270.00
C301,183.03,-169.79,B,270.00
C301,183.03,-79.80,B,270.00
C302,173.19,-168.35,B,270.00
C302,173.19,-78.35,B,270.00
C303,175.74,-168.35,B,270.00
C303,175.74,-78.35,B,270.00
C304,177.89,-165.15,B,0.00
C304,177.89,-75.15,B,0.00
C305,180.09,-76.47,B,90.00
C305,180.09,-166.47,B,90.00
C306,174.72,-173.22,B,270.00
C306,174.72,-83.22,B,270.00
C307,171.40,-80.08,B,180.00
C307,171.40,-170.07,B,180.00
C308,176.03,-80.58,B,0.00
C308,176.03,-170.57,B,0.00
C401,132.40,-60.60,B,270.00
C401,132.40,-150.60,B,270.00
C402,138.30,-150.60,B,270.00
C402,138.30,-60.60,B,270.00
C403,126.40,-60.60,B,270.00
C403,126.40,-150.60,B,270.00
C404,120.40,-60.60,B,270.00
C404,120.40,-150.60,B,270.00
C405,90.40,-150.56,B,270.00
C405,90.40,-60.56,B,270.00
C406,96.40,-60.56,B,270.00
C406,96.40,-150.56,B,270.00
C407,102.40,-60.56,B,270.00
C407,102.40,-150.56,B,270.00
C408,108.39,-60.60,B,270.00
C408,108.39,-150.60,B,270.00
C409,114.40,-150.60,B,270.00
C409,114.40,-60.60,B,270.00
C601,177.95,-131.60,B,90.00
C601,177.95,-41.60,B,90.00
C602,177.60,-43.00,B,0.00
C602,177.60,-133.00,B,0.00
C603,177.60,-44.60,B,0.00
C603,177.60,-134.60,B,0.00
C604,177.99,-46.05,B,270.00
C604,177.99,-136.05,B,270.00
C605,185.80,-130.90,B,135.00
C605,185.80,-40.90,B,135.00
C606,185.12,-130.20,B,135.00
C606,185.12,-40.20,B,135.00
C607,179.16,-129.26,B,45.00
C607,179.16,-39.26,B,45.00
C608,178.45,-129.95,B,45.00
C608,178.45,-39.95,B,45.00
C609,179.28,-137.65,B,270.00
C609,179.28,-47.65,B,270.00
C610,175.18,-132.27,B,90.00
C610,175.18,-42.27,B,90.00
C611,175.18,-45.52,B,270.00
C611,175.18,-135.53,B,270.00
C612,181.61,-31.00,B,180.00
C612,181.61,-121.00,B,180.00
C613,185.27,-137.05,B,270.00
C613,185.27,-47.05,B,270.00
C614,184.29,-138.00,B,270.00
C614,184.29,-48.00,B,270.00
C615,181.61,-32.00,B,0.00
C615,181.61,-122.00,B,0.00
C616,180.61,-35.05,B,270.00
C616,180.61,-125.06,B,270.00
C617,180.11,-126.53,B,0.00
C617,180.11,-36.52,B,0.00
C618,181.06,-123.60,B,180.00
C618,181.06,-33.60,B,180.00
C619,179.54,-122.62,B,0.00
C619,179.54,-32.62,B,0.00
C620,185.56,-32.62,B,0.00
C620,185.56,-122.62,B,0.00
C621,185.09,-126.53,B,0.00
C621,185.09,-36.52,B,0.00
C622,184.09,-33.60,B,180.00
C622,184.09,-123.60,B,180.00
C623,184.59,-125.05,B,90.00
C623,184.59,-35.05,B,90.00
C624,183.49,-122.00,B,0.00
C624,183.49,-32.00,B,0.00
C625,183.48,-121.00,B,180.00
C625,183.48,-31.00,B,180.00
C626,110.44,-22.70,B,90.00
C626,110.44,-112.70,B,90.00
C627,110.47,-116.03,B,270.00
C627,110.47,-26.03,B,270.00
C628,117.65,-115.56,B,180.00
C628,117.65,-25.56,B,180.00
C629,118.19,-24.52,B,0.00
C629,118.19,-114.52,B,0.00
D1,8.90,-74.22,T,270.00
D1,8.90,-164.22,T,270.00
D2,10.65,-74.22,T,270.00
D2,10.65,-164.22,T,270.00
D3,12.40,-74.22,T,270.00
D3,12.40,-164.22,T,270.00
D4,14.15,-164.22,T,270.00
D4,14.15,-74.22,T,270.00
D5,15.90,-164.22,T,270.00
D5,15.90,-74.22,T,270.00
D6,17.65,-164.22,T,270.00
D6,17.65,-74.22,T,270.00
D7,19.40,-164.22,T,270.00
D7,19.40,-74.22,T,270.00
D8,21.15,-74.22,T,270.00
D8,21.15,-164.22,T,270.00
D9,22.90,-74.22,T,270.00
D9,22.90,-164.22,T,270.00
D10,24.65,-164.22,T,270.00
D10,24.65,-74.22,T,270.00
D11,26.40,-164.22,T,270.00
D11,26.40,-74.22,T,270.00
D12,28.15,-74.22,T,270.00
D12,28.15,-164.22,T,270.00
D13,29.90,-164.22,T,270.00
D13,29.90,-74.22,T,270.00
D14,31.65,-164.22,T,270.00
D14,31.65,-74.22,T,270.00
D15,33.40,-74.22,T,270.00
D15,33.40,-164.22,T,270.00
D16,35.15,-164.22,T,270.00
D16,35.15,-74.22,T,270.00
D17,36.90,-74.22,T,270.00
D17,36.90,-164.22,T,270.00
D18,38.65,-74.22,T,270.00
D18,38.65,-164.22,T,270.00
D19,40.40,-164.22,T,270.00
D19,40.40,-74.22,T,270.00
D20,42.15,-74.22,T,270.00
D20,42.15,-164.22,T,270.00
D21,43.90,-74.22,T,270.00
D21,43.90,-164.22,T,270.00
D22,45.65,-74.22,T,270.00
D22,45.65,-164.22,T,270.00
D23,47.40,-74.22,T,270.00
D23,47.40,-164.22,T,270.00
D24,49.15,-164.22,T,270.00
D24,49.15,-74.22,T,270.00
D25,50.90,-164.22,T,270.00
D25,50.90,-74.22,T,270.00
D26,52.65,-164.22,T,270.00
D26,52.65,-74.22,T,270.00
D27,54.40,-164.22,T,270.00
D27,54.40,-74.22,T,270.00
D28,56.15,-74.22,T,270.00
D28,56.15,-164.22,T,270.00
D29,57.90,-74.22,T,270.00
D29,57.90,-164.22,T,270.00
D30,59.65,-74.22,T,270.00
D30,59.65,-164.22,T,270.00
D31,61.40,-164.22,T,270.00
D31,61.40,-74.22,T,270.00
D32,63.15,-164.22,T,270.00
D32,63.15,-74.22,T,270.00
D33,8.90,-162.47,T,270.00
D33,8.90,-72.47,T,270.00
D34,10.65,-72.47,T,270.00
D34,10.65,-162.47,T,270.00
D35,12.40,-72.47,T,270.00
D35,12.40,-162.47,T,270.00
D36,14.15,-162.47,T,270.00
D36,14.15,-72.47,T,270.00
D37,15.90,-72.47,T,270.00
D37,15.90,-162.47,T,270.00
D38,17.65,-162.47,T,270.00
D38,17.65,-72.47,T,270.00
D39,19.40,-162.47,T,270.00
D39,19.40,-72.47,T,270.00
D40,21.15,-72.47,T,270.00
D40,21.15,-162.47,T,270.00
D41,22.90,-72.47,T,270.00
D41,22.90,-162.47,T,270.00
D42,24.65,-162.47,T,270.00
D42,24.65,-72.47,T,270.00
D43,26.40,-162.47,T,270.00
D43,26.40,-72.47,T,270.00
D44,28.15,-72.47,T,270.00
D44,28.15,-162.47,T,270.00
D45,29.90,-162.47,T,270.00
D45,29.90,-72.47,T,270.00
D46,31.65,-162.47,T,270.00
D46,31.65,-72.47,T,270.00
D47,33.40,-72.47,T,270.00
D47,33.40,-162.47,T,270.00
D48,35.15,-72.47,T,270.00
D48,35.15,-162.47,T,270.00
D49,36.90,-72.47,T,270.00
D49,36.90,-162.47,T,270.00
D50,38.65,-72.47,T,270.00
D50,38.65,-162.47,T,270.00
D51,40.40,-162.47,T,270.00
D51,40.40,-72.47,T,270.00
D52,42.15,-72.47,T,270.00
D52,42.15,-162.47,T,270.00
D53,43.90,-162.47,T,270.00
D53,43.90,-72.47,T,270.00
D54,45.65,-162.47,T,270.00
D54,45.65,-72.47,T,270.00
D55,47.40,-162.47,T,270.00
D55,47.40,-72.47,T,270.00
D56,49.15,-162.47,T,270.00
D56,49.15,-72.47,T,270.00
D57,50.90,-162.47,T,270.00
D57,50.90,-72.47,T,270.00
D58,52.65,-72.47,T,270.00
D58,52.65,-162.47,T,270.00
D59,54.40,-162.47,T,270.00
D59,54.40,-72.47,T,270.00
D60,56.15,-72.47,T,270.00
D60,56.15,-162.47,T,270.00
D61,57.90,-72.47,T,270.00
D61,57.90,-162.47,T,270.00
D62,59.65,-72.47,T,270.00
D62,59.65,-162.47,T,270.00
D63,61.40,-72.47,T,270.00
D63,61.40,-162.47,T,270.00
D64,63.15,-162.47,T,270.00
D64,63.15,-72.47,T,270.00
D65,8.90,-160.72,T,270.00
D65,8.90,-70.72,T,270.00
D66,10.65,-160.72,T,270.00
D66,10.65,-70.72,T,270.00
D67,12.40,-160.72,T,270.00
D67,12.40,-70.72,T,270.00
D68,14.15,-70.72,T,270.00
D68,14.15,-160.72,T,270.00
D69,15.90,-160.72,T,270.00
D69,15.90,-70.72,T,270.00
D70,17.65,-70.72,T,270.00
D70,17.65,-160.72,T,270.00
D71,19.40,-70.72,T,270.00
D71,19.40,-160.72,T,270.00
D72,21.15,-160.72,T,270.00
D72,21.15,-70.72,T,270.00
D73,22.90,-70.72,T,270.00
D73,22.90,-160.72,T,270.00
D74,24.65,-160.72,T,270.00
D74,24.65,-70.72,T,270.00
D75,26.40,-70.72,T,270.00
D75,26.40,-160.72,T,270.00
D76,28.15,-160.72,T,270.00
D76,28.15,-70.72,T,270.00
D77,29.90,-160.72,T,270.00
D77,29.90,-70.72,T,270.00
D78,31.65,-70.72,T,270.00
D78,31.65,-160.72,T,270.00
D79,33.40,-70.72,T,270.00
D79,33.40,-160.72,T,270.00
D80,35.15,-70.72,T,270.00
D80,35.15,-160.72,T,270.00
D81,36.90,-70.72,T,270.00
D81,36.90,-160.72,T,270.00
D82,38.65,-160.72,T,270.00
D82,38.65,-70.72,T,270.00
D83,40.40,-160.72,T,270.00
D83,40.40,-70.72,T,270.00
D84,42.15,-70.72,T,270.00
D84,42.15,-160.72,T,270.00
D85,43.90,-160.72,T,270.00
D85,43.90,-70.72,T,270.00
D86,45.65,-160.72,T,270.00
D86,45.65,-70.72,T,270.00
D87,47.40,-160.72,T,270.00
D87,47.40,-70.72,T,270.00
D88,49.15,-160.72,T,270.00
D88,49.15,-70.72,T,270.00
D89,50.90,-70.72,T,270.00
D89,50.90,-160.72,T,270.00
D90,52.65,-160.72,T,270.00
D90,52.65,-70.72,T,270.00
D91,54.40,-160.72,T,270.00
D91,54.40,-70.72,T,270.00
D92,56.15,-160.72,T,270.00
D92,56.15,-70.72,T,270.00
D93,57.90,-160.72,T,270.00
D93,57.90,-70.72,T,270.00
D94,59.65,-70.72,T,270.00
D94,59.65,-160.72,T,270.00
D95,61.40,-160.72,T,270.00
D95,61.40,-70.72,T,270.00
D96,63.15,-70.72,T,270.00
D96,63.15,-160.72,T,270.00
D97,8.90,-158.97,T,270.00
D97,8.90,-68.97,T,270.00
D98,10.65,-68.97,T,270.00
D98,10.65,-158.97,T,270.00
D99,12.40,-68.97,T,270.00
D99,12.40,-158.97,T,270.00
D100,14.15,-158.97,T,270.00
D100,14.15,-68.97,T,270.00
D101,15.90,-158.97,T,270.00
D101,15.90,-68.97,T,270.00
D102,17.65,-68.97,T,270.00
D102,17.65,-158.97,T,270.00
D103,19.40,-68.97,T,270.00
D103,19.40,-158.97,T,270.00
D104,21.15,-158.97,T,270.00
D104,21.15,-68.97,T,270.00
D105,22.90,-158.97,T,270.00
D105,22.90,-68.97,T,270.00
D106,24.65,-158.97,T,270.00
D106,24.65,-68.97,T,270.00
D107,26.40,-158.97,T,270.00
D107,26.40,-68.97,T,270.00
D108,28.15,-158.97,T,270.00
D108,28.15,-68.97,T,270.00
D109,29.90,-158.97,T,270.00
D109,29.90,-68.97,T,270.00
D110,31.65,-68.97,T,270.00
D110,31.65,-158.97,T,270.00
D111,33.40,-158.97,T,270.00
D111,33.40,-68.97,T,270.00
D112,35.15,-158.97,T,270.00
D112,35.15,-68.97,T,270.00
D113,36.90,-68.97,T,270.00
D113,36.90,-158.97,T,270.00
D114,38.65,-68.97,T,270.00
D114,38.65,-158.97,T,270.00
D115,40.40,-158.97,T,270.00
D115,40.40,-68.97,T,270.00
D116,42.15,-158.97,T,270.00
D116,42.15,-68.97,T,270.00
D117,43.90,-68.97,T,270.00
D117,43.90,-158.97,T,270.00
D118,45.65,-158.97,T,270.00
D118,45.65,-68.97,T,270.00
D119,47.40,-158.97,T,270.00
D119,47.40,-68.97,T,270.00
D120,49.15,-158.97,T,270.00
D120,49.15,-68.97,T,270.00
D121,50.90,-68.97,T,270.00
D121,50.90,-158.97,T,270.00
D122,52.65,-158.97,T,270.00
D122,52.65,-68.97,T,270.00
D123,54.40,-68.97,T,270.00
D123,54.40,-158.97,T,270.00
D124,56.15,-158.97,T,270.00
D124,56.15,-68.97,T,270.00
D125,57.90,-68.97,T,270.00
D125,57.90,-158.97,T,270.00
D126,59.65,-158.97,T,270.00
D126,59.65,-68.97,T,270.00
D127,61.40,-158.97,T,270.00
D127,61.40,-68.97,T,270.00
D128,63.15,-158.97,T,270.00
D128,63.15,-68.97,T,270.00
D129,8.90,-157.22,T,270.00
D129,8.90,-67.22,T,270.00
D130,10.65,-157.22,T,270.00
D130,10.65,-67.22,T,270.00
D131,12.40,-157.22,T,270.00
D131,12.40,-67.22,T,270.00
D132,14.15,-67.22,T,270.00
D132,14.15,-157.22,T,270.00
D133,15.90,-67.22,T,270.00
D133,15.90,-157.22,T,270.00
D134,17.65,-157.22,T,270.00
D134,17.65,-67.22,T,270.00
D135,19.40,-157.22,T,270.00
D135,19.40,-67.22,T,270.00
D136,21.15,-67.22,T,270.00
D136,21.15,-157.22,T,270.00
D137,22.90,-157.22,T,270.00
D137,22.90,-67.22,T,270.00
D138,24.65,-67.22,T,270.00
D138,24.65,-157.22,T,270.00
D139,26.40,-67.22,T,270.00
D139,26.40,-157.22,T,270.00
D140,28.15,-67.22,T,270.00
D140,28.15,-157.22,T,270.00
D141,29.90,-157.22,T,270.00
D141,29.90,-67.22,T,270.00
D142,31.65,-157.22,T,270.00
D142,31.65,-67.22,T,270.00
D143,33.40,-157.22,T,270.00
D143,33.40,-67.22,T,270.00
D144,35.15,-67.22,T,270.00
D144,35.15,-157.22,T,270.00
D145,36.90,-67.22,T,270.00
D145,36.90,-157.22,T,270.00
D146,38.65,-67.22,T,270.00
D146,38.65,-157.22,T,270.00
D147,40.40,-67.22,T,270.00
D147,40.40,-157.22,T,270.00
D148,42.15,-67.22,T,270.00
D148,42.15,-157.22,T,270.00
D149,43.90,-157.22,T,270.00
D149,43.90,-67.22,T,270.00
D150,45.65,-67.22,T,270.00
D150,45.65,-157.22,T,270.00
D151,47.40,-67.22,T,270.00
D151,47.40,-157.22,T,270.00
D152,49.15,-67.22,T,270.00
D152,49.15,-157.22,T,270.00
D153,50.90,-67.22,T,270.00
D153,50.90,-157.22,T,270.00
D154,52.65,-67.22,T,270.00
D154,52.65,-157.22,T,270.00
D155,54.40,-67.22,T,270.00
D155,54.40,-157.22,T,270.00
D156,56.15,-67.22,T,270.00
D156,56.15,-157.22,T,270.00
D157,57.90,-157.22,T,270.00
D157,57.90,-67.22,T,270.00
D158,59.65,-67.22,T,270.00
D158,59.65,-157.22,T,270.00
D159,61.40,-157.22,T,270.00
D159,61.40,-67.22,T,270.00
D160,63.15,-67.22,T,270.00
D160,63.15,-157.22,T,270.00
D161,8.90,-65.47,T,270.00
D161,8.90,-155.47,T,270.00
D162,10.65,-155.47,T,270.00
D162,10.65,-65.47,T,270.00
D163,12.40,-65.47,T,270.00
D163,12.40,-155.47,T,270.00
D164,14.15,-155.47,T,270.00
D164,14.15,-65.47,T,270.00
D165,15.90,-65.47,T,270.00
D165,15.90,-155.47,T,270.00
D166,17.65,-155.47,T,270.00
D166,17.65,-65.47,T,270.00
D167,19.40,-155.47,T,270.00
D167,19.40,-65.47,T,270.00
D168,21.15,-155.47,T,270.00
D168,21.15,-65.47,T,270.00
D169,22.90,-155.47,T,270.00
D169,22.90,-65.47,T,270.00
D170,24.65,-155.47,T,270.00
D170,24.65,-65.47,T,270.00
D171,26.40,-65.47,T,270.00
D171,26.40,-155.47,T,270.00
D172,28.15,-65.47,T,270.00
D172,28.15,-155.47,T,270.00
D173,29.90,-155.47,T,270.00
D173,29.90,-65.47,T,270.00
D174,31.65,-65.47,T,270.00
D174,31.65,-155.47,T,270.00
D175,33.40,-155.47,T,270.00
D175,33.40,-65.47,T,270.00
D176,35.15,-65.47,T,270.00
D176,35.15,-155.47,T,270.00
D177,36.90,-155.47,T,270.00
D177,36.90,-65.47,T,270.00
D178,38.65,-155.47,T,270.00
D178,38.65,-65.47,T,270.00
D179,40.40,-155.47,T,270.00
D179,40.40,-65.47,T,270.00
D180,42.15,-65.47,T,270.00
D180,42.15,-155.47,T,270.00
D181,43.90,-155.47,T,270.00
D181,43.90,-65.47,T,270.00
D182,45.65,-155.47,T,270.00
D182,45.65,-65.47,T,270.00
D183,47.40,-65.47,T,270.00
D183,47.40,-155.47,T,270.00
D184,49.15,-155.47,T,270.00
D184,49.15,-65.47,T,270.00
D185,50.90,-155.47,T,270.00
D185,50.90,-65.47,T,270.00
D186,52.65,-65.47,T,270.00
D186,52.65,-155.47,T,270.00
D187,54.40,-65.47,T,270.00
D187,54.40,-155.47,T,270.00
D188,56.15,-65.47,T,270.00
D188,56.15,-155.47,T,270.00
D189,57.90,-65.47,T,270.00
D189,57.90,-155.47,T,270.00
D190,59.65,-155.47,T,270.00
D190,59.65,-65.47,T,270.00
D191,61.40,-65.47,T,270.00
D191,61.40,-155.47,T,270.00
D192,63.15,-65.47,T,270.00
D192,63.15,-155.47,T,270.00
D193,8.90,-153.72,T,270.00
D193,8.90,-63.73,T,270.00
D194,10.65,-63.73,T,270.00
D194,10.65,-153.72,T,270.00
D195,12.40,-63.73,T,270.00
D195,12.40,-153.72,T,270.00
D196,14.15,-153.72,T,270.00
D196,14.15,-63.73,T,270.00
D197,15.90,-153.72,T,270.00
D197,15.90,-63.73,T,270.00
D198,17.65,-63.73,T,270.00
D198,17.65,-153.72,T,270.00
D199,19.40,-63.73,T,270.00
D199,19.40,-153.72,T,270.00
D200,21.15,-153.72,T,270.00
D200,21.15,-63.73,T,270.00
D201,22.90,-63.73,T,270.00
D201,22.90,-153.72,T,270.00
D202,24.65,-153.72,T,270.00
D202,24.65,-63.73,T,270.00
D203,26.40,-153.72,T,270.00
D203,26.40,-63.73,T,270.00
D204,28.15,-153.72,T,270.00
D204,28.15,-63.73,T,270.00
D205,29.90,-153.72,T,270.00
D205,29.90,-63.73,T,270.00
D206,31.65,-153.72,T,270.00
D206,31.65,-63.73,T,270.00
D207,33.40,-153.72,T,270.00
D207,33.40,-63.73,T,270.00
D208,35.15,-63.73,T,270.00
D208,35.15,-153.72,T,270.00
D209,36.90,-153.72,T,270.00
D209,36.90,-63.73,T,270.00
D210,38.65,-153.72,T,270.00
D210,38.65,-63.73,T,270.00
D211,40.40,-153.72,T,270.00
D211,40.40,-63.73,T,270.00
D212,42.15,-63.73,T,270.00
D212,42.15,-153.72,T,270.00
D213,43.90,-63.73,T,270.00
D213,43.90,-153.72,T,270.00
D214,45.65,-153.72,T,270.00
D214,45.65,-63.73,T,270.00
D215,47.40,-153.72,T,270.00
D215,47.40,-63.73,T,270.00
D216,49.15,-63.73,T,270.00
D216,49.15,-153.72,T,270.00
D217,50.90,-63.73,T,270.00
D217,50.90,-153.72,T,270.00
D218,52.65,-63.73,T,270.00
D218,52.65,-153.72,T,270.00
D219,54.40,-153.72,T,270.00
D219,54.40,-63.73,T,270.00
D220,56.15,-63.73,T,270.00
D220,56.15,-153.72,T,270.00
D221,57.90,-63.73,T,270.00
D221,57.90,-153.72,T,270.00
D222,59.65,-153.72,T,270.00
D222,59.65,-63.73,T,270.00
D223,61.40,-63.73,T,270.00
D223,61.40,-153.72,T,270.00
D224,63.15,-63.73,T,270.00
D224,63.15,-153.72,T,270.00
D225,8.90,-151.97,T,270.00
D225,8.90,-61.98,T,270.00
D226,10.65,-151.97,T,270.00
D226,10.65,-61.98,T,270.00
D227,12.40,-151.97,T,270.00
D227,12.40,-61.98,T,270.00
D228,14.15,-151.97,T,270.00
D228,14.15,-61.98,T,270.00
D229,15.90,-151.97,T,270.00
D229,15.90,-61.98,T,270.00
D230,17.65,-61.98,T,270.00
D230,17.65,-151.97,T,270.00
D231,19.40,-151.97,T,270.00
D231,19.40,-61.98,T,270.00
D232,21.15,-61.98,T,270.00
D232,21.15,-151.97,T,270.00
D233,22.90,-151.97,T,270.00
D233,22.90,-61.98,T,270.00
D234,24.65,-151.97,T,270.00
D234,24.65,-61.98,T,270.00
D235,26.40,-61.98,T,270.00
D235,26.40,-151.97,T,270.00
D236,28.15,-151.97,T,270.00
D236,28.15,-61.98,T,270.00
D237,29.90,-61.98,T,270.00
D237,29.90,-151.97,T,270.00
D238,31.65,-151.97,T,270.00
D238,31.65,-61.98,T,270.00
D239,33.40,-61.98,T,270.00
D239,33.40,-151.97,T,270.00
D240,35.15,-151.97,T,270.00
D240,35.15,-61.98,T,270.00
D241,36.90,-61.98,T,270.00
D241,36.90,-151.97,T,270.00
D242,38.65,-151.97,T,270.00
D242,38.65,-61.98,T,270.00
D243,40.40,-61.98,T,270.00
D243,40.40,-151.97,T,270.00
D244,42.15,-151.97,T,270.00
D244,42.15,-61.98,T,270.00
D245,43.90,-61.98,T,270.00
D245,43.90,-151.97,T,270.00
D246,45.65,-151.97,T,270.00
D246,45.65,-61.98,T,270.00
D247,47.40,-61.98,T,270.00
D247,47.40,-151.97,T,270.00
D248,49.15,-151.97,T,270.00
D248,49.15,-61.98,T,270.00
D249,50.90,-151.97,T,270.00
D249,50.90,-61.98,T,270.00
D250,52.65,-151.97,T,270.00
D250,52.65,-61.98,T,270.00
D251,54.40,-151.97,T,270.00
D251,54.40,-61.98,T,270.00
D252,56.15,-61.98,T,270.00
D252,56.15,-151.97,T,270.00
D253,57.90,-151.97,T,270.00
D253,57.90,-61.98,T,270.00
D254,59.65,-151.97,T,270.00
D254,59.65,-61.98,T,270.00
D255,61.40,-61.98,T,270.00
D255,61.40,-151.97,T,270.00
D256,63.15,-151.97,T,270.00
D256,63.15,-61.98,T,270.00
D257,8.90,-150.22,T,270.00
D257,8.90,-60.23,T,270.00
D258,10.65,-60.23,T,270.00
D258,10.65,-150.22,T,270.00
D259,12.40,-150.22,T,270.00
D259,12.40,-60.23,T,270.00
D260,14.15,-60.23,T,270.00
D260,14.15,-150.22,T,270.00
D261,15.90,-60.23,T,270.00
D261,15.90,-150.22,T,270.00
D262,17.65,-150.22,T,270.00
D262,17.65,-60.23,T,270.00
D263,19.40,-60.23,T,270.00
D263,19.40,-150.22,T,270.00
D264,21.15,-150.22,T,270.00
D264,21.15,-60.23,T,270.00
D265,22.90,-150.22,T,270.00
D265,22.90,-60.23,T,270.00
D266,24.65,-150.22,T,270.00
D266,24.65,-60.23,T,270.00
D267,26.40,-150.22,T,270.00
D267,26.40,-60.23,T,270.00
D268,28.15,-60.23,T,270.00
D268,28.15,-150.22,T,270.00
D269,29.90,-60.23,T,270.00
D269,29.90,-150.22,T,270.00
D270,31.65,-150.22,T,270.00
D270,31.65,-60.23,T,270.00
D271,33.40,-150.22,T,270.00
D271,33.40,-60.23,T,270.00
D272,35.15,-150.22,T,270.00
D272,35.15,-60.23,T,270.00
D273,36.90,-60.23,T,270.00
D273,36.90,-150.22,T,270.00
D274,38.65,-60.23,T,270.00
D274,38.65,-150.22,T,270.00
D275,40.40,-150.22,T,270.00
D275,40.40,-60.23,T,270.00
D276,42.15,-150.22,T,270.00
D276,42.15,-60.23,T,270.00
D277,43.90,-150.22,T,270.00
D277,43.90,-60.23,T,270.00
D278,45.65,-150.22,T,270.00
D278,45.65,-60.23,T,270.00
D279,47.40,-150.22,T,270.00
D279,47.40,-60.23,T,270.00
D280,49.15,-60.23,T,270.00
D280,49.15,-150.22,T,270.00
D281,50.90,-60.23,T,270.00
D281,50.90,-150.22,T,270.00
D282,52.65,-60.23,T,270.00
D282,52.65,-150.22,T,270.00
D283,54.40,-150.22,T,270.00
D283,54.40,-60.23,T,270.00
D284,56.15,-150.22,T,270.00
D284,56.15,-60.23,T,270.00
D285,57.90,-150.22,T,270.00
D285,57.90,-60.23,T,270.00
D286,59.65,-150.22,T,270.00
D286,59.65,-60.23,T,270.00
D287,61.40,-60.23,T,270.00
D287,61.40,-150.22,T,270.00
D288,63.15,-60.23,T,270.00
D288,63.15,-150.22,T,270.00
D289,8.90,-58.48,T,270.00
D289,8.90,-148.47,T,270.00
D290,10.65,-58.48,T,270.00
D290,10.65,-148.47,T,270.00
D291,12.40,-58.48,T,270.00
D291,12.40,-148.47,T,270.00
D292,14.15,-58.48,T,270.00
D292,14.15,-148.47,T,270.00
D293,15.90,-148.47,T,270.00
D293,15.90,-58.48,T,270.00
D294,17.65,-58.48,T,270.00
D294,17.65,-148.47,T,270.00
D295,19.40,-58.48,T,270.00
D295,19.40,-148.47,T,270.00
D296,21.15,-148.47,T,270.00
D296,21.15,-58.48,T,270.00
D297,22.90,-58.48,T,270.00
D297,22.90,-148.47,T,270.00
D298,24.65,-58.48,T,270.00
D298,24.65,-148.47,T,270.00
D299,26.40,-148.47,T,270.00
D299,26.40,-58.48,T,270.00
D300,28.15,-58.48,T,270.00
D300,28.15,-148.47,T,270.00
D301,29.90,-148.47,T,270.00
D301,29.90,-58.48,T,270.00
D302,31.65,-148.47,T,270.00
D302,31.65,-58.48,T,270.00
D303,33.40,-148.47,T,270.00
D303,33.40,-58.48,T,270.00
D304,35.15,-148.47,T,270.00
D304,35.15,-58.48,T,270.00
D305,36.90,-148.47,T,270.00
D305,36.90,-58.48,T,270.00
D306,38.65,-148.47,T,270.00
D306,38.65,-58.48,T,270.00
D307,40.40,-148.47,T,270.00
D307,40.40,-58.48,T,270.00
D308,42.15,-58.48,T,270.00
D308,42.15,-148.47,T,270.00
D309,43.90,-58.48,T,270.00
D309,43.90,-148.47,T,270.00
D310,45.65,-58.48,T,270.00
D310,45.65,-148.47,T,270.00
D311,47.40,-148.47,T,270.00
D311,47.40,-58.48,T,270.00
D312,49.15,-148.47,T,270.00
D312,49.15,-58.48,T,270.00
D313,50.90,-58.48,T,270.00
D313,50.90,-148.47,T,270.00
D314,52.65,-58.48,T,270.00
D314,52.65,-148.47,T,270.00
D315,54.40,-58.48,T,270.00
D315,54.40,-148.47,T,270.00
D316,56.15,-148.47,T,270.00
D316,56.15,-58.48,T,270.00
D317,57.90,-148.47,T,270.00
D317,57.90,-58.48,T,270.00
D318,59.65,-58.48,T,270.00
D318,59.65,-148.47,T,270.00
D319,61.40,-148.47,T,270.00
D319,61.40,-58.48,T,270.00
D320,63.15,-148.47,T,270.00
D320,63.15,-58.48,T,270.00
D321,8.90,-56.73,T,270.00
D321,8.90,-146.72,T,270.00
D322,10.65,-56.73,T,270.00
D322,10.65,-146.72,T,270.00
D323,12.40,-146.72,T,270.00
D323,12.40,-56.73,T,270.00
D324,14.15,-146.72,T,270.00
D324,14.15,-56.73,T,270.00
D325,15.90,-146.72,T,270.00
D325,15.90,-56.73,T,270.00
D326,17.65,-146.72,T,270.00
D326,17.65,-56.73,T,270.00
D327,19.40,-56.73,T,270.00
D327,19.40,-146.72,T,270.00
D328,21.15,-56.73,T,270.00
D328,21.15,-146.72,T,270.00
D329,22.90,-56.73,T,270.00
D329,22.90,-146.72,T,270.00
D330,24.65,-146.72,T,270.00
D330,24.65,-56.73,T,270.00
D331,26.40,-146.72,T,270.00
D331,26.40,-56.73,T,270.00
D332,28.15,-146.72,T,270.00
D332,28.15,-56.73,T,270.00
D333,29.90,-146.72,T,270.00
D333,29.90,-56.73,T,270.00
D334,31.65,-146.72,T,270.00
D334,31.65,-56.73,T,270.00
D335,33.40,-56.73,T,270.00
D335,33.40,-146.72,T,270.00
D336,35.15,-56.73,T,270.00
D336,35.15,-146.72,T,270.00
D337,36.90,-146.72,T,270.00
D337,36.90,-56.73,T,270.00
D338,38.65,-56.73,T,270.00
D338,38.65,-146.72,T,270.00
D339,40.40,-146.72,T,270.00
D339,40.40,-56.73,T,270.00
D340,42.15,-56.73,T,270.00
D340,42.15,-146.72,T,270.00
D341,43.90,-146.72,T,270.00
D341,43.90,-56.73,T,270.00
D342,45.65,-146.72,T,270.00
D342,45.65,-56.73,T,270.00
D343,47.40,-56.73,T,270.00
D343,47.40,-146.72,T,270.00
D344,49.15,-146.72,T,270.00
D344,49.15,-56.73,T,270.00
D345,50.90,-56.73,T,270.00
D345,50.90,-146.72,T,270.00
D346,52.65,-146.72,T,270.00
D346,52.65,-56.73,T,270.00
D347,54.40,-146.72,T,270.00
D347,54.40,-56.73,T,270.00
D348,56.15,-56.73,T,270.00
D348,56.15,-146.72,T,270.00
D349,57.90,-146.72,T,270.00
D349,57.90,-56.73,T,270.00
D350,59.65,-146.72,T,270.00
D350,59.65,-56.73,T,270.00
D351,61.40,-56.73,T,270.00
D351,61.40,-146.72,T,270.00
D352,63.15,-146.72,T,270.00
D352,63.15,-56.73,T,270.00
D353,8.90,-54.98,T,270.00
D353,8.90,-144.97,T,270.00
D354,10.65,-54.98,T,270.00
D354,10.65,-144.97,T,270.00
D355,12.40,-54.98,T,270.00
D355,12.40,-144.97,T,270.00
D356,14.15,-144.97,T,270.00
D356,14.15,-54.98,T,270.00
D357,15.90,-144.97,T,270.00
D357,15.90,-54.98,T,270.00
D358,17.65,-54.98,T,270.00
D358,17.65,-144.97,T,270.00
D359,19.40,-54.98,T,270.00
D359,19.40,-144.97,T,270.00
D360,21.15,-54.98,T,270.00
D360,21.15,-144.97,T,270.00
D361,22.90,-54.98,T,270.00
D361,22.90,-144.97,T,270.00
D362,24.65,-54.98,T,270.00
D362,24.65,-144.97,T,270.00
D363,26.40,-54.98,T,270.00
D363,26.40,-144.97,T,270.00
D364,28.15,-144.97,T,270.00
D364,28.15,-54.98,T,270.00
D365,29.90,-54.98,T,270.00
D365,29.90,-144.97,T,270.00
D366,31.65,-144.97,T,270.00
D366,31.65,-54.98,T,270.00
D367,33.40,-54.98,T,270.00
D367,33.40,-144.97,T,270.00
D368,35.15,-144.97,T,270.00
D368,35.15,-54.98,T,270.00
D369,36.90,-54.98,T,270.00
D369,36.90,-144.97,T,270.00
D370,38.65,-144.97,T,270.00
D370,38.65,-54.98,T,270.00
D371,40.40,-144.97,T,270.00
D371,40.40,-54.98,T,270.00
D372,42.15,-144.97,T,270.00
D372,42.15,-54.98,T,270.00
D373,43.90,-144.97,T,270.00
D373,43.90,-54.98,T,270.00
D374,45.65,-54.98,T,270.00
D374,45.65,-144.97,T,270.00
D375,47.40,-54.98,T,270.00
D375,47.40,-144.97,T,270.00
D376,49.15,-144.97,T,270.00
D376,49.15,-54.98,T,270.00
D377,50.90,-54.98,T,270.00
D377,50.90,-144.97,T,270.00
D378,52.65,-144.97,T,270.00
D378,52.65,-54.98,T,270.00
D379,54.40,-54.98,T,270.00
D379,54.40,-144.97,T,270.00
D380,56.15,-54.98,T,270.00
D380,56.15,-144.97,T,270.00
D381,57.90,-144.97,T,270.00
D381,57.90,-54.98,T,270.00
D382,59.65,-54.98,T,270.00
D382,59.65,-144.97,T,270.00
D383,61.40,-54.98,T,270.00
D383,61.40,-144.97,T,270.00
D384,63.15,-144.97,T,270.00
D384,63.15,-54.98,T,270.00
D385,8.90,-143.22,T,270.00
D385,8.90,-53.23,T,270.00
D386,10.65,-53.23,T,270.00
D386,10.65,-143.22,T,270.00
D387,12.40,-143.22,T,270.00
D387,12.40,-53.23,T,270.00
D388,14.15,-53.23,T,270.00
D388,14.15,-143.22,T,270.00
D389,15.90,-53.23,T,270.00
D389,15.90,-143.22,T,270.00
D390,17.65,-53.23,T,270.00
D390,17.65,-143.22,T,270.00
D391,19.40,-143.22,T,270.00
D391,19.40,-53.23,T,270.00
D392,21.15,-53.23,T,270.00
D392,21.15,-143.22,T,270.00
D393,22.90,-53.23,T,270.00
D393,22.90,-143.22,T,270.00
D394,24.65,-53.23,T,270.00
D394,24.65,-143.22,T,270.00
D395,26.40,-143.22,T,270.00
D395,26.40,-53.23,T,270.00
D396,28.15,-143.22,T,270.00
D396,28.15,-53.23,T,270.00
D397,29.90,-143.22,T,270.00
D397,29.90,-53.23,T,270.00
D398,31.65,-53.23,T,270.00
D398,31.65,-143.22,T,270.00
D399,33.40,-53.23,T,270.00
D399,33.40,-143.22,T,270.00
D400,35.15,-143.22,T,270.00
D400,35.15,-53.23,T,270.00
D401,36.90,-53.23,T,270.00
D401,36.90,-143.22,T,270.00
D402,38.65,-143.22,T,270.00
D402,38.65,-53.23,T,270.00
D403,40.40,-143.22,T,270.00
D403,40.40,-53.23,T,270.00
D404,42.15,-143.22,T,270.00
D404,42.15,-53.23,T,270.00
D405,43.90,-143.22,T,270.00
D405,43.90,-53.23,T,270.00
D406,45.65,-53.23,T,270.00
D406,45.65,-143.22,T,270.00
D407,47.40,-143.22,T,270.00
D407,47.40,-53.23,T,270.00
D408,49.15,-53.23,T,270.00
D408,49.15,-143.22,T,270.00
D409,50.90,-53.23,T,270.00
D409,50.90,-143.22,T,270.00
D410,52.65,-53.23,T,270.00
D410,52.65,-143.22,T,270.00
D411,54.40,-143.22,T,270.00
D411,54.40,-53.23,T,270.00
D412,56.15,-53.23,T,270.00
D412,56.15,-143.22,T,270.00
D413,57.90,-53.23,T,270.00
D413,57.90,-143.22,T,270.00
D414,59.65,-143.22,T,270.00
D414,59.65,-53.23,T,270.00
D415,61.40,-53.23,T,270.00
D415,61.40,-143.22,T,270.00
D416,63.15,-53.23,T,270.00
D416,63.15,-143.22,T,270.00
D417,8.90,-141.47,T,270.00
D417,8.90,-51.48,T,270.00
D418,10.65,-141.47,T,270.00
D418,10.65,-51.48,T,270.00
D419,12.40,-141.47,T,270.00
D419,12.40,-51.48,T,270.00
D420,14.15,-51.48,T,270.00
D420,14.15,-141.47,T,270.00
D421,15.90,-141.47,T,270.00
D421,15.90,-51.48,T,270.00
D422,17.65,-51.48,T,270.00
D422,17.65,-141.47,T,270.00
D423,19.40,-51.48,T,270.00
D423,19.40,-141.47,T,270.00
D424,21.15,-141.47,T,270.00
D424,21.15,-51.48,T,270.00
D425,22.90,-141.47,T,270.00
D425,22.90,-51.48,T,270.00
D426,24.65,-141.47,T,270.00
D426,24.65,-51.48,T,270.00
D427,26.40,-51.48,T,270.00
D427,26.40,-141.47,T,270.00
D428,28.15,-141.47,T,270.00
D428,28.15,-51.48,T,270.00
D429,29.90,-141.47,T,270.00
D429,29.90,-51.48,T,270.00
D430,31.65,-51.48,T,270.00
D430,31.65,-141.47,T,270.00
D431,33.40,-141.47,T,270.00
D431,33.40,-51.48,T,270.00
D432,35.15,-141.47,T,270.00
D432,35.15,-51.48,T,270.00
D433,36.90,-51.48,T,270.00
D433,36.90,-141.47,T,270.00
D434,38.65,-141.47,T,270.00
D434,38.65,-51.48,T,270.00
D435,40.40,-51.48,T,270.00
D435,40.40,-141.47,T,270.00
D436,42.15,-141.47,T,270.00
D436,42.15,-51.48,T,270.00
D437,43.90,-51.48,T,270.00
D437,43.90,-141.47,T,270.00
D438,45.65,-51.48,T,270.00
D438,45.65,-141.47,T,270.00
D439,47.40,-51.48,T,270.00
D439,47.40,-141.47,T,270.00
D440,49.15,-141.47,T,270.00
D440,49.15,-51.48,T,270.00
D441,50.90,-51.48,T,270.00
D441,50.90,-141.47,T,270.00
D442,52.65,-51.48,T,270.00
D442,52.65,-141.47,T,270.00
D443,54.40,-141.47,T,270.00
D443,54.40,-51.48,T,270.00
D444,56.15,-141.47,T,270.00
D444,56.15,-51.48,T,270.00
D445,57.90,-141.47,T,270.00
D445,57.90,-51.48,T,270.00
D446,59.65,-141.47,T,270.00
D446,59.65,-51.48,T,270.00
D447,61.40,-141.47,T,270.00
D447,61.40,-51.48,T,270.00
D448,63.15,-51.48,T,270.00
D448,63.15,-141.47,T,270.00
D449,8.90,-139.72,T,270.00
D449,8.90,-49.73,T,270.00
D450,10.65,-49.73,T,270.00
D450,10.65,-139.72,T,270.00
D451,12.40,-49.73,T,270.00
D451,12.40,-139.72,T,270.00
D452,14.15,-49.73,T,270.00
D452,14.15,-139.72,T,270.00
D453,15.90,-139.72,T,270.00
D453,15.90,-49.73,T,270.00
D454,17.65,-139.72,T,270.00
D454,17.65,-49.73,T,270.00
D455,19.40,-49.73,T,270.00
D455,19.40,-139.72,T,270.00
D456,21.15,-139.72,T,270.00
D456,21.15,-49.73,T,270.00
D457,22.90,-49.73,T,270.00
D457,22.90,-139.72,T,270.00
D458,24.65,-49.73,T,270.00
D458,24.65,-139.72,T,270.00
D459,26.40,-139.72,T,270.00
D459,26.40,-49.73,T,270.00
D460,28.15,-139.72,T,270.00
D460,28.15,-49.73,T,270.00
D461,29.90,-139.72,T,270.00
D461,29.90,-49.73,T,270.00
D462,31.65,-49.73,T,270.00
D462,31.65,-139.72,T,270.00
D463,33.40,-139.72,T,270.00
D463,33.40,-49.73,T,270.00
D464,35.15,-49.73,T,270.00
D464,35.15,-139.72,T,270.00
D465,36.90,-49.73,T,270.00
D465,36.90,-139.72,T,270.00
D466,38.65,-139.72,T,270.00
D466,38.65,-49.73,T,270.00
D467,40.40,-139.72,T,270.00
D467,40.40,-49.73,T,270.00
D468,42.15,-139.72,T,270.00
D468,42.15,-49.73,T,270.00
D469,43.90,-49.73,T,270.00
D469,43.90,-139.72,T,270.00
D470,45.65,-49.73,T,270.00
D470,45.65,-139.72,T,270.00
D471,47.40,-139.72,T,270.00
D471,47.40,-49.73,T,270.00
D472,49.15,-49.73,T,270.00
D472,49.15,-139.72,T,270.00
D473,50.90,-139.72,T,270.00
D473,50.90,-49.73,T,270.00
D474,52.65,-49.73,T,270.00
D474,52.65,-139.72,T,270.00
D475,54.40,-139.72,T,270.00
D475,54.40,-49.73,T,270.00
D476,56.15,-49.73,T,270.00
D476,56.15,-139.72,T,270.00
D477,57.90,-49.73,T,270.00
D477,57.90,-139.72,T,270.00
D478,59.65,-49.73,T,270.00
D478,59.65,-139.72,T,270.00
D479,61.40,-139.72,T,270.00
D479,61.40,-49.73,T,270.00
D480,63.15,-139.72,T,270.00
D480,63.15,-49.73,T,270.00
D481,8.90,-47.98,T,270.00
D481,8.90,-137.97,T,270.00
D482,10.65,-47.98,T,270.00
D482,10.65,-137.97,T,270.00
D483,12.40,-137.97,T,270.00
D483,12.40,-47.98,T,270.00
D484,14.15,-47.98,T,270.00
D484,14.15,-137.97,T,270.00
D485,15.90,-137.97,T,270.00
D485,15.90,-47.98,T,270.00
D486,17.65,-137.97,T,270.00
D486,17.65,-47.98,T,270.00
D487,19.40,-137.97,T,270.00
D487,19.40,-47.98,T,270.00
D488,21.15,-47.98,T,270.00
D488,21.15,-137.97,T,270.00
D489,22.90,-137.97,T,270.00
D489,22.90,-47.98,T,270.00
D490,24.65,-137.97,T,270.00
D490,24.65,-47.98,T,270.00
D491,26.40,-47.98,T,270.00
D491,26.40,-137.97,T,270.00
D492,28.15,-137.97,T,270.00
D492,28.15,-47.98,T,270.00
D493,29.90,-47.98,T,270.00
D493,29.90,-137.97,T,270.00
D494,31.65,-137.97,T,270.00
D494,31.65,-47.98,T,270.00
D495,33.40,-47.98,T,270.00
D495,33.40,-137.97,T,270.00
D496,35.15,-47.98,T,270.00
D496,35.15,-137.97,T,270.00
D497,36.90,-47.98,T,270.00
D497,36.90,-137.97,T,270.00
D498,38.65,-137.97,T,270.00
D498,38.65,-47.98,T,270.00
D499,40.40,-47.98,T,270.00
D499,40.40,-137.97,T,270.00
D500,42.15,-47.98,T,270.00
D500,42.15,-137.97,T,270.00
D501,43.90,-137.97,T,270.00
D501,43.90,-47.98,T,270.00
D502,45.65,-137.97,T,270.00
D502,45.65,-47.98,T,270.00
D503,47.40,-47.98,T,270.00
D503,47.40,-137.97,T,270.00
D504,49.15,-47.98,T,270.00
D504,49.15,-137.97,T,270.00
D505,50.90,-47.98,T,270.00
D505,50.90,-137.97,T,270.00
D506,52.65,-137.97,T,270.00
D506,52.65,-47.98,T,270.00
D507,54.40,-137.97,T,270.00
D507,54.40,-47.98,T,270.00
D508,56.15,-47.98,T,270.00
D508,56.15,-137.97,T,270.00
D509,57.90,-47.98,T,270.00
D509,57.90,-137.97,T,270.00
D510,59.65,-47.98,T,270.00
D510,59.65,-137.97,T,270.00
D511,61.40,-47.98,T,270.00
D511,61.40,-137.97,T,270.00
D512,63.15,-137.97,T,270.00
D512,63.15,-47.98,T,270.00
D513,8.90,-46.23,T,270.00
D513,8.90,-136.22,T,270.00
D514,10.65,-136.22,T,270.00
D514,10.65,-46.23,T,270.00
D515,12.40,-46.23,T,270.00
D515,12.40,-136.22,T,270.00
D516,14.15,-46.23,T,270.00
D516,14.15,-136.22,T,270.00
D517,15.90,-136.22,T,270.00
D517,15.90,-46.23,T,270.00
D518,17.65,-46.23,T,270.00
D518,17.65,-136.22,T,270.00
D519,19.40,-136.22,T,270.00
D519,19.40,-46.23,T,270.00
D520,21.15,-136.22,T,270.00
D520,21.15,-46.23,T,270.00
D521,22.90,-46.23,T,270.00
D521,22.90,-136.22,T,270.00
D522,24.65,-136.22,T,270.00
D522,24.65,-46.23,T,270.00
D523,26.40,-46.23,T,270.00
D523,26.40,-136.22,T,270.00
D524,28.15,-46.23,T,270.00
D524,28.15,-136.22,T,270.00
D525,29.90,-136.22,T,270.00
D525,29.90,-46.23,T,270.00
D526,31.65,-46.23,T,270.00
D526,31.65,-136.22,T,270.00
D527,33.40,-136.22,T,270.00
D527,33.40,-46.23,T,270.00
D528,35.15,-46.23,T,270.00
D528,35.15,-136.22,T,270.00
D529,36.90,-136.22,T,270.00
D529,36.90,-46.23,T,270.00
D530,38.65,-46.23,T,270.00
D530,38.65,-136.22,T,270.00
D531,40.40,-46.23,T,270.00
D531,40.40,-136.22,T,270.00
D532,42.15,-136.22,T,270.00
D532,42.15,-46.23,T,270.00
D533,43.90,-136.22,T,270.00
D533,43.90,-46.23,T,270.00
D534,45.65,-46.23,T,270.00
D534,45.65,-136.22,T,270.00
D535,47.40,-46.23,T,270.00
D535,47.40,-136.22,T,270.00
D536,49.15,-136.22,T,270.00
D536,49.15,-46.23,T,270.00
D537,50.90,-136.22,T,270.00
D537,50.90,-46.23,T,270.00
D538,52.65,-46.23,T,270.00
D538,52.65,-136.22,T,270.00
D539,54.40,-136.22,T,270.00
D539,54.40,-46.23,T,270.00
D540,56.15,-136.22,T,270.00
D540,56.15,-46.23,T,270.00
D541,57.90,-136.22,T,270.00
D541,57.90,-46.23,T,270.00
D542,59.65,-136.22,T,270.00
D542,59.65,-46.23,T,270.00
D543,61.40,-136.22,T,270.00
D543,61.40,-46.23,T,270.00
D544,63.15,-136.22,T,270.00
D544,63.15,-46.23,T,270.00
D545,8.90,-134.47,T,270.00
D545,8.90,-44.48,T,270.00
D546,10.65,-44.48,T,270.00
D546,10.65,-134.47,T,270.00
D547,12.40,-134.47,T,270.00
D547,12.40,-44.48,T,270.00
D548,14.15,-44.48,T,270.00
D548,14.15,-134.47,T,270.00
D549,15.90,-134.47,T,270.00
D549,15.90,-44.48,T,270.00
D550,17.65,-44.48,T,270.00
D550,17.65,-134.47,T,270.00
D551,19.40,-44.48,T,270.00
D551,19.40,-134.47,T,270.00
D552,21.15,-134.47,T,270.00
D552,21.15,-44.48,T,270.00
D553,22.90,-134.47,T,270.00
D553,22.90,-44.48,T,270.00
D554,24.65,-134.47,T,270.00
D554,24.65,-44.48,T,270.00
D555,26.40,-44.48,T,270.00
D555,26.40,-134.47,T,270.00
D556,28.15,-134.47,T,270.00
D556,28.15,-44.48,T,270.00
D557,29.90,-44.48,T,270.00
D557,29.90,-134.47,T,270.00
D558,31.65,-134.47,T,270.00
D558,31.65,-44.48,T,270.00
D559,33.40,-134.47,T,270.00
D559,33.40,-44.48,T,270.00
D560,35.15,-134.47,T,270.00
D560,35.15,-44.48,T,270.00
D561,36.90,-44.48,T,270.00
D561,36.90,-134.47,T,270.00
D562,38.65,-44.48,T,270.00
D562,38.65,-134.47,T,270.00
D563,40.40,-134.47,T,270.00
D563,40.40,-44.48,T,270.00
D564,42.15,-44.48,T,270.00
D564,42.15,-134.47,T,270.00
D565,43.90,-44.48,T,270.00
D565,43.90,-134.47,T,270.00
D566,45.65,-134.47,T,270.00
D566,45.65,-44.48,T,270.00
D567,47.40,-134.47,T,270.00
D567,47.40,-44.48,T,270.00
D568,49.15,-134.47,T,270.00
D568,49.15,-44.48,T,270.00
D569,50.90,-44.48,T,270.00
D569,50.90,-134.47,T,270.00
D570,52.65,-134.47,T,270.00
D570,52.65,-44.48,T,270.00
D571,54.40,-134.47,T,270.00
D571,54.40,-44.48,T,270.00
D572,56.15,-44.48,T,270.00
D572,56.15,-134.47,T,270.00
D573,57.90,-134.47,T,270.00
D573,57.90,-44.48,T,270.00
D574,59.65,-134.47,T,270.00
D574,59.65,-44.48,T,270.00
D575,61.40,-134.47,T,270.00
D575,61.40,-44.48,T,270.00
D576,63.15,-44.48,T,270.00
D576,63.15,-134.47,T,270.00
D577,8.90,-132.72,T,270.00
D577,8.90,-42.73,T,270.00
D578,10.65,-42.73,T,270.00
D578,10.65,-132.72,T,270.00
D579,12.40,-132.72,T,270.00
D579,12.40,-42.73,T,270.00
D580,14.15,-42.73,T,270.00
D580,14.15,-132.72,T,270.00
D581,15.90,-42.73,T,270.00
D581,15.90,-132.72,T,270.00
D582,17.65,-132.72,T,270.00
D582,17.65,-42.73,T,270.00
D583,19.40,-42.73,T,270.00
D583,19.40,-132.72,T,270.00
D584,21.15,-42.73,T,270.00
D584,21.15,-132.72,T,270.00
D585,22.90,-132.72,T,270.00
D585,22.90,-42.73,T,270.00
D586,24.65,-42.73,T,270.00
D586,24.65,-132.72,T,270.00
D587,26.40,-132.72,T,270.00
D587,26.40,-42.73,T,270.00
D588,28.15,-42.73,T,270.00
D588,28.15,-132.72,T,270.00
D589,29.90,-132.72,T,270.00
D589,29.90,-42.73,T,270.00
D590,31.65,-132.72,T,270.00
D590,31.65,-42.73,T,270.00
D591,33.40,-132.72,T,270.00
D591,33.40,-42.73,T,270.00
D592,35.15,-132.72,T,270.00
D592,35.15,-42.73,T,270.00
D593,36.90,-132.72,T,270.00
D593,36.90,-42.73,T,270.00
D594,38.65,-42.73,T,270.00
D594,38.65,-132.72,T,270.00
D595,40.40,-42.73,T,270.00
D595,40.40,-132.72,T,270.00
D596,42.15,-132.72,T,270.00
D596,42.15,-42.73,T,270.00
D597,43.90,-132.72,T,270.00
D597,43.90,-42.73,T,270.00
D598,45.65,-132.72,T,270.00
D598,45.65,-42.73,T,270.00
D599,47.40,-42.73,T,270.00
D599,47.40,-132.72,T,270.00
D600,49.15,-132.72,T,270.00
D600,49.15,-42.73,T,270.00
D601,50.90,-132.72,T,270.00
D601,50.90,-42.73,T,270.00
D602,52.65,-42.73,T,270.00
D602,52.65,-132.72,T,270.00
D603,54.40,-132.72,T,270.00
D603,54.40,-42.73,T,270.00
D604,56.15,-42.73,T,270.00
D604,56.15,-132.72,T,270.00
D605,57.90,-132.72,T,270.00
D605,57.90,-42.73,T,270.00
D606,59.65,-132.72,T,270.00
D606,59.65,-42.73,T,270.00
D607,61.40,-42.73,T,270.00
D607,61.40,-132.72,T,270.00
D608,63.15,-132.72,T,270.00
D608,63.15,-42.73,T,270.00
D609,8.90,-40.98,T,270.00
D609,8.90,-130.97,T,270.00
D610,10.65,-40.98,T,270.00
D610,10.65,-130.97,T,270.00
D611,12.40,-130.97,T,270.00
D611,12.40,-40.98,T,270.00
D612,14.15,-130.97,T,270.00
D612,14.15,-40.98,T,270.00
D613,15.90,-40.98,T,270.00
D613,15.90,-130.97,T,270.00
D614,17.65,-130.97,T,270.00
D614,17.65,-40.98,T,270.00
D615,19.40,-130.97,T,270.00
D615,19.40,-40.98,T,270.00
D616,21.15,-130.97,T,270.00
D616,21.15,-40.98,T,270.00
D617,22.90,-40.98,T,270.00
D617,22.90,-130.97,T,270.00
D618,24.65,-130.97,T,270.00
D618,24.65,-40.98,T,270.00
D619,26.40,-130.97,T,270.00
D619,26.40,-40.98,T,270.00
D620,28.15,-40.98,T,270.00
D620,28.15,-130.97,T,270.00
D621,29.90,-130.97,T,270.00
D621,29.90,-40.98,T,270.00
D622,31.65,-130.97,T,270.00
D622,31.65,-40.98,T,270.00
D623,33.40,-130.97,T,270.00
D623,33.40,-40.98,T,270.00
D624,35.15,-40.98,T,270.00
D624,35.15,-130.97,T,270.00
D625,36.90,-40.98,T,270.00
D625,36.90,-130.97,T,270.00
D626,38.65,-40.98,T,270.00
D626,38.65,-130.97,T,270.00
D627,40.40,-130.97,T,270.00
D627,40.40,-40.98,T,270.00
D628,42.15,-130.97,T,270.00
D628,42.15,-40.98,T,270.00
D629,43.90,-40.98,T,270.00
D629,43.90,-130.97,T,270.00
D630,45.65,-130.97,T,270.00
D630,45.65,-40.98,T,270.00
D631,47.40,-40.98,T,270.00
D631,47.40,-130.97,T,270.00
D632,49.15,-130.97,T,270.00
D632,49.15,-40.98,T,270.00
D633,50.90,-40.98,T,270.00
D633,50.90,-130.97,T,270.00
D634,52.65,-40.98,T,270.00
D634,52.65,-130.97,T,270.00
D635,54.40,-40.98,T,270.00
D635,54.40,-130.97,T,270.00
D636,56.15,-130.97,T,270.00
D636,56.15,-40.98,T,270.00
D637,57.90,-40.98,T,270.00
D637,57.90,-130.97,T,270.00
D638,59.65,-40.98,T,270.00
D638,59.65,-130.97,T,270.00
D639,61.40,-40.98,T,270.00
D639,61.40,-130.97,T,270.00
D640,63.15,-130.97,T,270.00
D640,63.15,-40.98,T,270.00
D641,8.90,-129.22,T,270.00
D641,8.90,-39.23,T,270.00
D642,10.65,-39.23,T,270.00
D642,10.65,-129.22,T,270.00
D643,12.40,-39.23,T,270.00
D643,12.40,-129.22,T,270.00
D644,14.15,-39.23,T,270.00
D644,14.15,-129.22,T,270.00
D645,15.90,-39.23,T,270.00
D645,15.90,-129.22,T,270.00
D646,17.65,-129.22,T,270.00
D646,17.65,-39.23,T,270.00
D647,19.40,-129.22,T,270.00
D647,19.40,-39.23,T,270.00
D648,21.15,-129.22,T,270.00
D648,21.15,-39.23,T,270.00
D649,22.90,-39.23,T,270.00
D649,22.90,-129.22,T,270.00
D650,24.65,-39.23,T,270.00
D650,24.65,-129.22,T,270.00
D651,26.40,-129.22,T,270.00
D651,26.40,-39.23,T,270.00
D652,28.15,-39.23,T,270.00
D652,28.15,-129.22,T,270.00
D653,29.90,-39.23,T,270.00
D653,29.90,-129.22,T,270.00
D654,31.65,-129.22,T,270.00
D654,31.65,-39.23,T,270.00
D655,33.40,-39.23,T,270.00
D655,33.40,-129.22,T,270.00
D656,35.15,-39.23,T,270.00
D656,35.15,-129.22,T,270.00
D657,36.90,-129.22,T,270.00
D657,36.90,-39.23,T,270.00
D658,38.65,-39.23,T,270.00
D658,38.65,-129.22,T,270.00
D659,40.40,-39.23,T,270.00
D659,40.40,-129.22,T,270.00
D660,42.15,-129.22,T,270.00
D660,42.15,-39.23,T,270.00
D661,43.90,-129.22,T,270.00
D661,43.90,-39.23,T,270.00
D662,45.65,-129.22,T,270.00
D662,45.65,-39.23,T,270.00
D663,47.40,-129.22,T,270.00
D663,47.40,-39.23,T,270.00
D664,49.15,-129.22,T,270.00
D664,49.15,-39.23,T,270.00
D665,50.90,-39.23,T,270.00
D665,50.90,-129.22,T,270.00
D666,52.65,-39.23,T,270.00
D666,52.65,-129.22,T,270.00
D667,54.40,-129.22,T,270.00
D667,54.40,-39.23,T,270.00
D668,56.15,-39.23,T,270.00
D668,56.15,-129.22,T,270.00
D669,57.90,-129.22,T,270.00
D669,57.90,-39.23,T,270.00
D670,59.65,-39.23,T,270.00
D670,59.65,-129.22,T,270.00
D671,61.40,-129.22,T,270.00
D671,61.40,-39.23,T,270.00
D672,63.15,-129.22,T,270.00
D672,63.15,-39.23,T,270.00
D673,8.90,-37.48,T,270.00
D673,8.90,-127.47,T,270.00
D674,10.65,-37.48,T,270.00
D674,10.65,-127.47,T,270.00
D675,12.40,-37.48,T,270.00
D675,12.40,-127.47,T,270.00
D676,14.15,-37.48,T,270.00
D676,14.15,-127.47,T,270.00
D677,15.90,-37.48,T,270.00
D677,15.90,-127.47,T,270.00
D678,17.65,-37.48,T,270.00
D678,17.65,-127.47,T,270.00
D679,19.40,-127.47,T,270.00
D679,19.40,-37.48,T,270.00
D680,21.15,-127.47,T,270.00
D680,21.15,-37.48,T,270.00
D681,22.90,-37.48,T,270.00
D681,22.90,-127.47,T,270.00
D682,24.65,-37.48,T,270.00
D682,24.65,-127.47,T,270.00
D683,26.40,-37.48,T,270.00
D683,26.40,-127.47,T,270.00
D684,28.15,-37.48,T,270.00
D684,28.15,-127.47,T,270.00
D685,29.90,-127.47,T,270.00
D685,29.90,-37.48,T,270.00
D686,31.65,-127.47,T,270.00
D686,31.65,-37.48,T,270.00
D687,33.40,-37.48,T,270.00
D687,33.40,-127.47,T,270.00
D688,35.15,-37.48,T,270.00
D688,35.15,-127.47,T,270.00
D689,36.90,-127.47,T,270.00
D689,36.90,-37.48,T,270.00
D690,38.65,-127.47,T,270.00
D690,38.65,-37.48,T,270.00
D691,40.40,-127.47,T,270.00
D691,40.40,-37.48,T,270.00
D692,42.15,-127.47,T,270.00
D692,42.15,-37.48,T,270.00
D693,43.90,-127.47,T,270.00
D693,43.90,-37.48,T,270.00
D694,45.65,-127.47,T,270.00
D694,45.65,-37.48,T,270.00
D695,47.40,-127.47,T,270.00
D695,47.40,-37.48,T,270.00
D696,49.15,-37.48,T,270.00
D696,49.15,-127.47,T,270.00
D697,50.90,-127.47,T,270.00
D697,50.90,-37.48,T,270.00
D698,52.65,-37.48,T,270.00
D698,52.65,-127.47,T,270.00
D699,54.40,-37.48,T,270.00
D699,54.40,-127.47,T,270.00
D700,56.15,-127.47,T,270.00
D700,56.15,-37.48,T,270.00
D701,57.90,-127.47,T,270.00
D701,57.90,-37.48,T,270.00
D702,59.65,-127.47,T,270.00
D702,59.65,-37.48,T,270.00
D703,61.40,-127.47,T,270.00
D703,61.40,-37.48,T,270.00
D704,63.15,-37.48,T,270.00
D704,63.15,-127.47,T,270.00
D705,8.90,-35.73,T,270.00
D705,8.90,-125.72,T,270.00
D706,10.65,-35.73,T,270.00
D706,10.65,-125.72,T,270.00
D707,12.40,-125.72,T,270.00
D707,12.40,-35.73,T,270.00
D708,14.15,-125.72,T,270.00
D708,14.15,-35.73,T,270.00
D709,15.90,-125.72,T,270.00
D709,15.90,-35.73,T,270.00
D710,17.65,-125.72,T,270.00
D710,17.65,-35.73,T,270.00
D711,19.40,-35.73,T,270.00
D711,19.40,-125.72,T,270.00
D712,21.15,-125.72,T,270.00
D712,21.15,-35.73,T,270.00
D713,22.90,-35.73,T,270.00
D713,22.90,-125.72,T,270.00
D714,24.65,-35.73,T,270.00
D714,24.65,-125.72,T,270.00
D715,26.40,-35.73,T,270.00
D715,26.40,-125.72,T,270.00
D716,28.15,-35.73,T,270.00
D716,28.15,-125.72,T,270.00
D717,29.90,-125.72,T,270.00
D717,29.90,-35.73,T,270.00
D718,31.65,-35.73,T,270.00
D718,31.65,-125.72,T,270.00
D719,33.40,-125.72,T,270.00
D719,33.40,-35.73,T,270.00
D720,35.15,-125.72,T,270.00
D720,35.15,-35.73,T,270.00
D721,36.90,-35.73,T,270.00
D721,36.90,-125.72,T,270.00
D722,38.65,-125.72,T,270.00
D722,38.65,-35.73,T,270.00
D723,40.40,-125.72,T,270.00
D723,40.40,-35.73,T,270.00
D724,42.15,-125.72,T,270.00
D724,42.15,-35.73,T,270.00
D725,43.90,-35.73,T,270.00
D725,43.90,-125.72,T,270.00
D726,45.65,-125.72,T,270.00
D726,45.65,-35.73,T,270.00
D727,47.40,-35.73,T,270.00
D727,47.40,-125.72,T,270.00
D728,49.15,-35.73,T,270.00
D728,49.15,-125.72,T,270.00
D729,50.90,-35.73,T,270.00
D729,50.90,-125.72,T,270.00
D730,52.65,-125.72,T,270.00
D730,52.65,-35.73,T,270.00
D731,54.40,-35.73,T,270.00
D731,54.40,-125.72,T,270.00
D732,56.15,-125.72,T,270.00
D732,56.15,-35.73,T,270.00
D733,57.90,-35.73,T,270.00
D733,57.90,-125.72,T,270.00
D734,59.65,-125.72,T,270.00
D734,59.65,-35.73,T,270.00
D735,61.40,-125.72,T,270.00
D735,61.40,-35.73,T,270.00
D736,63.15,-35.73,T,270.00
D736,63.15,-125.72,T,270.00
D737,8.90,-123.97,T,270.00
D737,8.90,-33.98,T,270.00
D738,10.65,-33.98,T,270.00
D738,10.65,-123.97,T,270.00
D739,12.40,-33.98,T,270.00
D739,12.40,-123.97,T,270.00
D740,14.15,-123.97,T,270.00
D740,14.15,-33.98,T,270.00
D741,15.90,-33.98,T,270.00
D741,15.90,-123.97,T,270.00
D742,17.65,-123.97,T,270.00
D742,17.65,-33.98,T,270.00
D743,19.40,-33.98,T,270.00
D743,19.40,-123.97,T,270.00
D744,21.15,-33.98,T,270.00
D744,21.15,-123.97,T,270.00
D745,22.90,-123.97,T,270.00
D745,22.90,-33.98,T,270.00
D746,24.65,-123.97,T,270.00
D746,24.65,-33.98,T,270.00
D747,26.40,-123.97,T,270.00
D747,26.40,-33.98,T,270.00
D748,28.15,-33.98,T,270.00
D748,28.15,-123.97,T,270.00
D749,29.90,-33.98,T,270.00
D749,29.90,-123.97,T,270.00
D750,31.65,-33.98,T,270.00
D750,31.65,-123.97,T,270.00
D751,33.40,-33.98,T,270.00
D751,33.40,-123.97,T,270.00
D752,35.15,-33.98,T,270.00
D752,35.15,-123.97,T,270.00
D753,36.90,-33.98,T,270.00
D753,36.90,-123.97,T,270.00
D754,38.65,-123.97,T,270.00
D754,38.65,-33.98,T,270.00
D755,40.40,-123.97,T,270.00
D755,40.40,-33.98,T,270.00
D756,42.15,-123.97,T,270.00
D756,42.15,-33.98,T,270.00
D757,43.90,-123.97,T,270.00
D757,43.90,-33.98,T,270.00
D758,45.65,-123.97,T,270.00
D758,45.65,-33.98,T,270.00
D759,47.40,-33.98,T,270.00
D759,47.40,-123.97,T,270.00
D760,49.15,-33.98,T,270.00
D760,49.15,-123.97,T,270.00
D761,50.90,-123.97,T,270.00
D761,50.90,-33.98,T,270.00
D762,52.65,-123.97,T,270.00
D762,52.65,-33.98,T,270.00
D763,54.40,-33.98,T,270.00
D763,54.40,-123.97,T,270.00
D764,56.15,-123.97,T,270.00
D764,56.15,-33.98,T,270.00
D765,57.90,-33.98,T,270.00
D765,57.90,-123.97,T,270.00
D766,59.65,-33.98,T,270.00
D766,59.65,-123.97,T,270.00
D767,61.40,-33.98,T,270.00
D767,61.40,-123.97,T,270.00
D768,63.15,-33.98,T,270.00
D768,63.15,-123.97,T,270.00
D769,8.90,-122.22,T,270.00
D769,8.90,-32.23,T,270.00
D770,10.65,-32.23,T,270.00
D770,10.65,-122.22,T,270.00
D771,12.40,-32.23,T,270.00
D771,12.40,-122.22,T,270.00
D772,14.15,-122.22,T,270.00
D772,14.15,-32.23,T,270.00
D773,15.90,-32.23,T,270.00
D773,15.90,-122.22,T,270.00
D774,17.65,-122.22,T,270.00
D774,17.65,-32.23,T,270.00
D775,19.40,-32.23,T,270.00
D775,19.40,-122.22,T,270.00
D776,21.15,-122.22,T,270.00
D776,21.15,-32.23,T,270.00
D777,22.90,-122.22,T,270.00
D777,22.90,-32.23,T,270.00
D778,24.65,-122.22,T,270.00
D778,24.65,-32.23,T,270.00
D779,26.40,-32.23,T,270.00
D779,26.40,-122.22,T,270.00
D780,28.15,-32.23,T,270.00
D780,28.15,-122.22,T,270.00
D781,29.90,-122.22,T,270.00
D781,29.90,-32.23,T,270.00
D782,31.65,-122.22,T,270.00
D782,31.65,-32.23,T,270.00
D783,33.40,-122.22,T,270.00
D783,33.40,-32.23,T,270.00
D784,35.15,-32.23,T,270.00
D784,35.15,-122.22,T,270.00
D785,36.90,-122.22,T,270.00
D785,36.90,-32.23,T,270.00
D786,38.65,-32.23,T,270.00
D786,38.65,-122.22,T,270.00
D787,40.40,-122.22,T,270.00
D787,40.40,-32.23,T,270.00
D788,42.15,-32.23,T,270.00
D788,42.15,-122.22,T,270.00
D789,43.90,-32.23,T,270.00
D789,43.90,-122.22,T,270.00
D790,45.65,-122.22,T,270.00
D790,45.65,-32.23,T,270.00
D791,47.40,-32.23,T,270.00
D791,47.40,-122.22,T,270.00
D792,49.15,-32.23,T,270.00
D792,49.15,-122.22,T,270.00
D793,50.90,-32.23,T,270.00
D793,50.90,-122.22,T,270.00
D794,52.65,-122.22,T,270.00
D794,52.65,-32.23,T,270.00
D795,54.40,-122.22,T,270.00
D795,54.40,-32.23,T,270.00
D796,56.15,-122.22,T,270.00
D796,56.15,-32.23,T,270.00
D797,57.90,-32.23,T,270.00
D797,57.90,-122.22,T,270.00
D798,59.65,-122.22,T,270.00
D798,59.65,-32.23,T,270.00
D799,61.40,-32.23,T,270.00
D799,61.40,-122.22,T,270.00
D800,63.15,-32.23,T,270.00
D800,63.15,-122.22,T,270.00
D801,8.90,-120.47,T,270.00
D801,8.90,-30.48,T,270.00
D802,10.65,-120.47,T,270.00
D802,10.65,-30.48,T,270.00
D803,12.40,-120.47,T,270.00
D803,12.40,-30.48,T,270.00
D804,14.15,-120.47,T,270.00
D804,14.15,-30.48,T,270.00
D805,15.90,-30.48,T,270.00
D805,15.90,-120.47,T,270.00
D806,17.65,-120.47,T,270.00
D806,17.65,-30.48,T,270.00
D807,19.40,-120.47,T,270.00
D807,19.40,-30.48,T,270.00
D808,21.15,-120.47,T,270.00
D808,21.15,-30.48,T,270.00
D809,22.90,-30.48,T,270.00
D809,22.90,-120.47,T,270.00
D810,24.65,-30.48,T,270.00
D810,24.65,-120.47,T,270.00
D811,26.40,-30.48,T,270.00
D811,26.40,-120.47,T,270.00
D812,28.15,-30.48,T,270.00
D812,28.15,-120.47,T,270.00
D813,29.90,-120.47,T,270.00
D813,29.90,-30.48,T,270.00
D814,31.65,-120.47,T,270.00
D814,31.65,-30.48,T,270.00
D815,33.40,-120.47,T,270.00
D815,33.40,-30.48,T,270.00
D816,35.15,-30.48,T,270.00
D816,35.15,-120.47,T,270.00
D817,36.90,-30.48,T,270.00
D817,36.90,-120.47,T,270.00
D818,38.65,-30.48,T,270.00
D818,38.65,-120.47,T,270.00
D819,40.40,-30.48,T,270.00
D819,40.40,-120.47,T,270.00
D820,42.15,-120.47,T,270.00
D820,42.15,-30.48,T,270.00
D821,43.90,-30.48,T,270.00
D821,43.90,-120.47,T,270.00
D822,45.65,-30.48,T,270.00
D822,45.65,-120.47,T,270.00
D823,47.40,-30.48,T,270.00
D823,47.40,-120.47,T,270.00
D824,49.15,-120.47,T,270.00
D824,49.15,-30.48,T,270.00
D825,50.90,-120.47,T,270.00
D825,50.90,-30.48,T,270.00
D826,52.65,-120.47,T,270.00
D826,52.65,-30.48,T,270.00
D827,54.40,-30.48,T,270.00
D827,54.40,-120.47,T,270.00
D828,56.15,-30.48,T,270.00
D828,56.15,-120.47,T,270.00
D829,57.90,-120.47,T,270.00
D829,57.90,-30.48,T,270.00
D830,59.65,-30.48,T,270.00
D830,59.65,-120.47,T,270.00
D831,61.40,-30.48,T,270.00
D831,61.40,-120.47,T,270.00
D832,63.15,-30.48,T,270.00
D832,63.15,-120.47,T,270.00
D833,8.90,-118.72,T,270.00
D833,8.90,-28.73,T,270.00
D834,10.65,-28.73,T,270.00
D834,10.65,-118.72,T,270.00
D835,12.40,-28.73,T,270.00
D835,12.40,-118.72,T,270.00
D836,14.15,-118.72,T,270.00
D836,14.15,-28.73,T,270.00
D837,15.90,-118.72,T,270.00
D837,15.90,-28.73,T,270.00
D838,17.65,-28.73,T,270.00
D838,17.65,-118.72,T,270.00
D839,19.40,-118.72,T,270.00
D839,19.40,-28.73,T,270.00
D840,21.15,-28.73,T,270.00
D840,21.15,-118.72,T,270.00
D841,22.90,-28.73,T,270.00
D841,22.90,-118.72,T,270.00
D842,24.65,-118.72,T,270.00
D842,24.65,-28.73,T,270.00
D843,26.40,-28.73,T,270.00
D843,26.40,-118.72,T,270.00
D844,28.15,-118.72,T,270.00
D844,28.15,-28.73,T,270.00
D845,29.90,-28.73,T,270.00
D845,29.90,-118.72,T,270.00
D846,31.65,-118.72,T,270.00
D846,31.65,-28.73,T,270.00
D847,33.40,-118.72,T,270.00
D847,33.40,-28.73,T,270.00
D848,35.15,-118.72,T,270.00
D848,35.15,-28.73,T,270.00
D849,36.90,-118.72,T,270.00
D849,36.90,-28.73,T,270.00
D850,38.65,-118.72,T,270.00
D850,38.65,-28.73,T,270.00
D851,40.40,-118.72,T,270.00
D851,40.40,-28.73,T,270.00
D852,42.15,-118.72,T,270.00
D852,42.15,-28.73,T,270.00
D853,43.90,-118.72,T,270.00
D853,43.90,-28.73,T,270.00
D854,45.65,-118.72,T,270.00
D854,45.65,-28.73,T,270.00
D855,47.40,-28.73,T,270.00
D855,47.40,-118.72,T,270.00
D856,49.15,-118.72,T,270.00
D856,49.15,-28.73,T,270.00
D857,50.90,-118.72,T,270.00
D857,50.90,-28.73,T,270.00
D858,52.65,-118.72,T,270.00
D858,52.65,-28.73,T,270.00
D859,54.40,-118.72,T,270.00
D859,54.40,-28.73,T,270.00
D860,56.15,-118.72,T,270.00
D860,56.15,-28.73,T,270.00
D861,57.90,-28.73,T,270.00
D861,57.90,-118.72,T,270.00
D862,59.65,-118.72,T,270.00
D862,59.65,-28.73,T,270.00
D863,61.40,-28.73,T,270.00
D863,61.40,-118.72,T,270.00
D864,63.15,-118.72,T,270.00
D864,63.15,-28.73,T,270.00
D865,8.90,-116.97,T,270.00
D865,8.90,-26.98,T,270.00
D866,10.65,-116.97,T,270.00
D866,10.65,-26.98,T,270.00
D867,12.40,-26.98,T,270.00
D867,12.40,-116.97,T,270.00
D868,14.15,-116.97,T,270.00
D868,14.15,-26.98,T,270.00
D869,15.90,-116.97,T,270.00
D869,15.90,-26.98,T,270.00
D870,17.65,-116.97,T,270.00
D870,17.65,-26.98,T,270.00
D871,19.40,-26.98,T,270.00
D871,19.40,-116.97,T,270.00
D872,21.15,-26.98,T,270.00
D872,21.15,-116.97,T,270.00
D873,22.90,-26.98,T,270.00
D873,22.90,-116.97,T,270.00
D874,24.65,-116.97,T,270.00
D874,24.65,-26.98,T,270.00
D875,26.40,-26.98,T,270.00
D875,26.40,-116.97,T,270.00
D876,28.15,-26.98,T,270.00
D876,28.15,-116.97,T,270.00
D877,29.90,-116.97,T,270.00
D877,29.90,-26.98,T,270.00
D878,31.65,-26.98,T,270.00
D878,31.65,-116.97,T,270.00
D879,33.40,-26.98,T,270.00
D879,33.40,-116.97,T,270.00
D880,35.15,-116.97,T,270.00
D880,35.15,-26.98,T,270.00
D881,36.90,-26.98,T,270.00
D881,36.90,-116.97,T,270.00
D882,38.65,-26.98,T,270.00
D882,38.65,-116.97,T,270.00
D883,40.40,-116.97,T,270.00
D883,40.40,-26.98,T,270.00
D884,42.15,-116.97,T,270.00
D884,42.15,-26.98,T,270.00
D885,43.90,-116.97,T,270.00
D885,43.90,-26.98,T,270.00
D886,45.65,-26.98,T,270.00
D886,45.65,-116.97,T,270.00
D887,47.40,-116.97,T,270.00
D887,47.40,-26.98,T,270.00
D888,49.15,-26.98,T,270.00
D888,49.15,-116.97,T,270.00
D889,50.90,-116.97,T,270.00
D889,50.90,-26.98,T,270.00
D890,52.65,-116.97,T,270.00
D890,52.65,-26.98,T,270.00
D891,54.40,-116.97,T,270.00
D891,54.40,-26.98,T,270.00
D892,56.15,-26.98,T,270.00
D892,56.15,-116.97,T,270.00
D893,57.90,-26.98,T,270.00
D893,57.90,-116.97,T,270.00
D894,59.65,-116.97,T,270.00
D894,59.65,-26.98,T,270.00
D895,61.40,-116.97,T,270.00
D895,61.40,-26.98,T,270.00
D896,63.15,-26.98,T,270.00
D896,63.15,-116.97,T,270.00
D897,8.90,-115.22,T,270.00
D897,8.90,-25.23,T,270.00
D898,10.65,-115.22,T,270.00
D898,10.65,-25.23,T,270.00
D899,12.40,-115.22,T,270.00
D899,12.40,-25.23,T,270.00
D900,14.15,-25.23,T,270.00
D900,14.15,-115.22,T,270.00
D901,15.90,-25.23,T,270.00
D901,15.90,-115.22,T,270.00
D902,17.65,-115.22,T,270.00
D902,17.65,-25.23,T,270.00
D903,19.40,-115.22,T,270.00
D903,19.40,-25.23,T,270.00
D904,21.15,-115.22,T,270.00
D904,21.15,-25.23,T,270.00
D905,22.90,-25.23,T,270.00
D905,22.90,-115.22,T,270.00
D906,24.65,-115.22,T,270.00
D906,24.65,-25.23,T,270.00
D907,26.40,-115.22,T,270.00
D907,26.40,-25.23,T,270.00
D908,28.15,-25.23,T,270.00
D908,28.15,-115.22,T,270.00
D909,29.90,-115.22,T,270.00
D909,29.90,-25.23,T,270.00
D910,31.65,-25.23,T,270.00
D910,31.65,-115.22,T,270.00
D911,33.40,-115.22,T,270.00
D911,33.40,-25.23,T,270.00
D912,35.15,-25.23,T,270.00
D912,35.15,-115.22,T,270.00
D913,36.90,-25.23,T,270.00
D913,36.90,-115.22,T,270.00
D914,38.65,-115.22,T,270.00
D914,38.65,-25.23,T,270.00
D915,40.40,-115.22,T,270.00
D915,40.40,-25.23,T,270.00
D916,42.15,-25.23,T,270.00
D916,42.15,-115.22,T,270.00
D917,43.90,-115.22,T,270.00
D917,43.90,-25.23,T,270.00
D918,45.65,-115.22,T,270.00
D918,45.65,-25.23,T,270.00
D919,47.40,-115.22,T,270.00
D919,47.40,-25.23,T,270.00
D920,49.15,-25.23,T,270.00
D920,49.15,-115.22,T,270.00
D921,50.90,-115.22,T,270.00
D921,50.90,-25.23,T,270.00
D922,52.65,-115.22,T,270.00
D922,52.65,-25.23,T,270.00
D923,54.40,-25.23,T,270.00
D923,54.40,-115.22,T,270.00
D924,56.15,-25.23,T,270.00
D924,56.15,-115.22,T,270.00
D925,57.90,-25.23,T,270.00
D925,57.90,-115.22,T,270.00
D926,59.65,-115.22,T,270.00
D926,59.65,-25.23,T,270.00
D927,61.40,-115.22,T,270.00
D927,61.40,-25.23,T,270.00
D928,63.15,-25.23,T,270.00
D928,63.15,-115.22,T,270.00
D929,8.90,-113.47,T,270.00
D929,8.90,-23.48,T,270.00
D930,10.65,-23.48,T,270.00
D930,10.65,-113.47,T,270.00
D931,12.40,-113.47,T,270.00
D931,12.40,-23.48,T,270.00
D932,14.15,-23.48,T,270.00
D932,14.15,-113.47,T,270.00
D933,15.90,-113.47,T,270.00
D933,15.90,-23.48,T,270.00
D934,17.65,-23.48,T,270.00
D934,17.65,-113.47,T,270.00
D935,19.40,-113.47,T,270.00
D935,19.40,-23.48,T,270.00
D936,21.15,-23.48,T,270.00
D936,21.15,-113.47,T,270.00
D937,22.90,-113.47,T,270.00
D937,22.90,-23.48,T,270.00
D938,24.65,-23.48,T,270.00
D938,24.65,-113.47,T,270.00
D939,26.40,-113.47,T,270.00
D939,26.40,-23.48,T,270.00
D940,28.15,-113.47,T,270.00
D940,28.15,-23.48,T,270.00
D941,29.90,-113.47,T,270.00
D941,29.90,-23.48,T,270.00
D942,31.65,-23.48,T,270.00
D942,31.65,-113.47,T,270.00
D943,33.40,-113.47,T,270.00
D943,33.40,-23.48,T,270.00
D944,35.15,-23.48,T,270.00
D944,35.15,-113.47,T,270.00
D945,36.90,-113.47,T,270.00
D945,36.90,-23.48,T,270.00
D946,38.65,-113.47,T,270.00
D946,38.65,-23.48,T,270.00
D947,40.40,-113.47,T,270.00
D947,40.40,-23.48,T,270.00
D948,42.15,-23.48,T,270.00
D948,42.15,-113.47,T,270.00
D949,43.90,-23.48,T,270.00
D949,43.90,-113.47,T,270.00
D950,45.65,-23.48,T,270.00
D950,45.65,-113.47,T,270.00
D951,47.40,-23.48,T,270.00
D951,47.40,-113.47,T,270.00
D952,49.15,-23.48,T,270.00
D952,49.15,-113.47,T,270.00
D953,50.90,-23.48,T,270.00
D953,50.90,-113.47,T,270.00
D954,52.65,-113.47,T,270.00
D954,52.65,-23.48,T,270.00
D955,54.40,-113.47,T,270.00
D955,54.40,-23.48,T,270.00
D956,56.15,-23.48,T,270.00
D956,56.15,-113.47,T,270.00
D957,57.90,-23.48,T,270.00
D957,57.90,-113.47,T,270.00
D958,59.65,-113.47,T,270.00
D958,59.65,-23.48,T,270.00
D959,61.40,-23.48,T,270.00
D959,61.40,-113.47,T,270.00
D960,63.15,-23.48,T,270.00
D960,63.15,-113.47,T,270.00
D961,8.90,-21.73,T,270.00
D961,8.90,-111.72,T,270.00
D962,10.65,-21.73,T,270.00
D962,10.65,-111.72,T,270.00
D963,12.40,-21.73,T,270.00
D963,12.40,-111.72,T,270.00
D964,14.15,-111.72,T,270.00
D964,14.15,-21.73,T,270.00
D965,15.90,-111.72,T,270.00
D965,15.90,-21.73,T,270.00
D966,17.65,-111.72,T,270.00
D966,17.65,-21.73,T,270.00
D967,19.40,-111.72,T,270.00
D967,19.40,-21.73,T,270.00
D968,21.15,-21.73,T,270.00
D968,21.15,-111.72,T,270.00
D969,22.90,-111.72,T,270.00
D969,22.90,-21.73,T,270.00
D970,24.65,-111.72,T,270.00
D970,24.65,-21.73,T,270.00
D971,26.40,-21.73,T,270.00
D971,26.40,-111.72,T,270.00
D972,28.15,-111.72,T,270.00
D972,28.15,-21.73,T,270.00
D973,29.90,-111.72,T,270.00
D973,29.90,-21.73,T,270.00
D974,31.65,-21.73,T,270.00
D974,31.65,-111.72,T,270.00
D975,33.40,-21.73,T,270.00
D975,33.40,-111.72,T,270.00
D976,35.15,-21.73,T,270.00
D976,35.15,-111.72,T,270.00
D977,36.90,-21.73,T,270.00
D977,36.90,-111.72,T,270.00
D978,38.65,-111.72,T,270.00
D978,38.65,-21.73,T,270.00
D979,40.40,-111.72,T,270.00
D979,40.40,-21.73,T,270.00
D980,42.15,-111.72,T,270.00
D980,42.15,-21.73,T,270.00
D981,43.90,-111.72,T,270.00
D981,43.90,-21.73,T,270.00
D982,45.65,-21.73,T,270.00
D982,45.65,-111.72,T,270.00
D983,47.40,-111.72,T,270.00
D983,47.40,-21.73,T,270.00
D984,49.15,-21.73,T,270.00
D984,49.15,-111.72,T,270.00
D985,50.90,-21.73,T,270.00
D985,50.90,-111.72,T,270.00
D986,52.65,-111.72,T,270.00
D986,52.65,-21.73,T,270.00
D987,54.40,-21.73,T,270.00
D987,54.40,-111.72,T,270.00
D988,56.15,-21.73,T,270.00
D988,56.15,-111.72,T,270.00
D989,57.90,-111.72,T,270.00
D989,57.90,-21.73,T,270.00
D990,59.65,-111.72,T,270.00
D990,59.65,-21.73,T,270.00
D991,61.40,-21.73,T,270.00
D991,61.40,-111.72,T,270.00
D992,63.15,-21.73,T,270.00
D992,63.15,-111.72,T,270.00
D993,8.90,-19.98,T,270.00
D993,8.90,-109.97,T,270.00
D994,10.65,-109.97,T,270.00
D994,10.65,-19.98,T,270.00
D995,12.40,-109.97,T,270.00
D995,12.40,-19.98,T,270.00
D996,14.15,-19.98,T,270.00
D996,14.15,-109.97,T,270.00
D997,15.90,-109.97,T,270.00
D997,15.90,-19.98,T,270.00
D998,17.65,-109.97,T,270.00
D998,17.65,-19.98,T,270.00
D999,19.40,-109.97,T,270.00
D999,19.40,-19.98,T,270.00
D1000,21.15,-109.97,T,270.00
D1000,21.15,-19.98,T,270.00
D1001,22.90,-109.97,T,270.00
D1001,22.90,-19.98,T,270.00
D1002,24.65,-109.97,T,270.00
D1002,24.65,-19.98,T,270.00
D1003,26.40,-109.97,T,270.00
D1003,26.40,-19.98,T,270.00
D1004,28.15,-109.97,T,270.00
D1004,28.15,-19.98,T,270.00
D1005,29.90,-19.98,T,270.00
D1005,29.90,-109.97,T,270.00
D1006,31.65,-109.97,T,270.00
D1006,31.65,-19.98,T,270.00
D1007,33.40,-109.97,T,270.00
D1007,33.40,-19.98,T,270.00
D1008,35.15,-109.97,T,270.00
D1008,35.15,-19.98,T,270.00
D1009,36.90,-109.97,T,270.00
D1009,36.90,-19.98,T,270.00
D1010,38.65,-19.98,T,270.00
D1010,38.65,-109.97,T,270.00
D1011,40.40,-109.97,T,270.00
D1011,40.40,-19.98,T,270.00
D1012,42.15,-19.98,T,270.00
D1012,42.15,-109.97,T,270.00
D1013,43.90,-109.97,T,270.00
D1013,43.90,-19.98,T,270.00
D1014,45.65,-109.97,T,270.00
D1014,45.65,-19.98,T,270.00
D1015,47.40,-19.98,T,270.00
D1015,47.40,-109.97,T,270.00
D1016,49.15,-19.98,T,270.00
D1016,49.15,-109.97,T,270.00
D1017,50.90,-109.97,T,270.00
D1017,50.90,-19.98,T,270.00
D1018,52.65,-19.98,T,270.00
D1018,52.65,-109.97,T,270.00
D1019,54.40,-109.97,T,270.00
D1019,54.40,-19.98,T,270.00
D1020,56.15,-19.98,T,270.00
D1020,56.15,-109.97,T,270.00
D1021,57.90,-19.98,T,270.00
D1021,57.90,-109.97,T,270.00
D1022,59.65,-19.98,T,270.00
D1022,59.65,-109.97,T,270.00
D1023,61.40,-109.97,T,270.00
D1023,61.40,-19.98,T,270.00
D1024,63.15,-109.97,T,270.00
D1024,63.15,-19.98,T,270.00
D1281,175.20,-66.85,B,90.00
D1281,175.20,-156.85,B,90.00
J101,137.24,-39.45,B,90.00
J101,137.24,-129.45,B,90.00
J201,107.36,-9.05,B,270.00
J201,107.36,-99.05,B,270.00
J202,99.72,-12.68,B,180.00
J202,99.72,-102.68,B,180.00
J301,191.72,-81.20,B,270.00
J301,191.72,-171.21,B,270.00
L101,166.47,-126.58,B,270.00
L101,166.47,-36.58,B,270.00
L201,102.25,-42.39,B,90.00
L201,102.25,-132.39,B,90.00
L301,174.49,-77.75,B,270.00
L301,174.49,-167.75,B,270.00
L601,180.74,-38.90,B,45.00
L601,180.74,-128.90,B,45.00
L602,184.46,-128.90,B,135.00
L602,184.46,-38.90,B,135.00
L603,114.63,-21.83,B,180.00
L603,114.63,-111.83,B,180.00
L604,116.75,-114.06,B,90.00
L604,116.75,-24.05,B,90.00
Q201,110.96,-48.85,B,180.00
Q201,110.96,-138.85,B,180.00
Q301,174.01,-161.82,B,0.00
Q301,174.01,-71.83,B,0.00
Q302,171.86,-165.22,B,90.00
Q302,171.86,-75.22,B,90.00
Q401,76.98,-110.37,B,270.00
Q401,76.98,-20.37,B,270.00
Q402,76.98,-23.87,B,270.00
Q402,76.98,-113.87,B,270.00
Q403,76.98,-117.37,B,270.00
Q403,76.98,-27.37,B,270.00
Q404,76.98,-30.87,B,270.00
Q404,76.98,-120.87,B,270.00
Q405,76.98,-124.37,B,270.00
Q405,76.98,-34.37,B,270.00
Q406,76.98,-127.87,B,270.00
Q406,76.98,-37.87,B,270.00
Q407,76.98,-131.37,B,270.00
Q407,76.98,-41.37,B,270.00
Q408,76.98,-44.87,B,270.00
Q408,76.98,-134.87,B,270.00
Q409,76.98,-138.37,B,270.00
Q409,76.98,-48.37,B,270.00
Q410,76.98,-51.87,B,270.00
Q410,76.98,-141.87,B,270.00
Q411,76.98,-55.37,B,270.00
Q411,76.98,-145.37,B,270.00
Q412,76.98,-58.87,B,270.00
Q412,76.98,-148.87,B,270.00
Q413,76.98,-62.37,B,270.00
Q413,76.98,-152.37,B,270.00
Q414,76.98,-155.87,B,270.00
Q414,76.98,-65.87,B,270.00
Q415,76.98,-69.37,B,270.00
Q415,76.98,-159.37,B,270.00
Q416,76.98,-72.87,B,270.00
Q416,76.98,-162.87,B,270.00
R101,164.82,-34.33,B,270.00
R101,164.82,-124.33,B,270.00
R102,164.87,-39.83,B,0.00
R102,164.87,-129.83,B,0.00
R103,164.87,-128.83,B,0.00
R103,164.87,-38.83,B,0.00
R104,155.71,-141.86,B,0.00
R104,155.71,-51.86,B,0.00
R105,171.95,-160.15,B,270.00
R105,171.95,-70.15,B,270.00
R106,149.47,-39.63,B,0.00
R106,149.47,-129.63,B,0.00
R107,152.93,-141.88,B,180.00
R107,152.93,-51.88,B,180.00
R201,103.78,-44.49,B,90.00
R201,103.78,-134.49,B,90.00
R202,103.85,-39.14,B,180.00
R202,103.85,-129.14,B,180.00
R203,103.85,-130.14,B,180.00
R203,103.85,-40.14,B,180.00
R204,119.25,-129.34,B,180.00
R204,119.25,-39.34,B,180.00
R205,114.38,-122.59,B,90.00
R205,114.38,-32.59,B,90.00
R206,138.35,-97.82,B,0.00
R206,138.35,-7.82,B,0.00
R207,135.07,-7.73,B,180.00
R207,135.07,-97.73,B,180.00
R208,113.21,-48.85,B,270.00
R208,113.21,-138.85,B,270.00
R301,187.22,-169.96,B,0.00
R301,187.22,-79.96,B,0.00
R302,187.21,-82.79,B,0.00
R302,187.21,-172.79,B,0.00
R303,181.19,-173.95,B,90.00
R303,181.19,-83.95,B,90.00
R304,183.29,-173.95,B,270.00
R304,183.29,-83.95,B,270.00
R305,179.14,-173.95,B,270.00
R305,179.14,-83.95,B,270.00
R306,182.24,-83.95,B,90.00
R306,182.24,-173.95,B,90.00
R307,180.14,-83.95,B,270.00
R307,180.14,-173.95,B,270.00
R308,178.13,-173.95,B,270.00
R308,178.13,-83.95,B,270.00
R309,170.93,-161.26,B,270.00
R309,170.93,-71.26,B,270.00
R310,174.60,-165.32,B,180.00
R310,174.60,-75.33,B,180.00
R401,65.60,-164.50,B,0.00
R401,65.60,-74.50,B,0.00
R402,67.57,-74.00,B,0.00
R402,67.57,-164.00,B,0.00
R403,65.60,-73.50,B,0.00
R403,65.60,-163.50,B,0.00
R404,67.57,-73.00,B,0.00
R404,67.57,-163.00,B,0.00
R405,65.60,-162.18,B,0.00
R405,65.60,-72.18,B,0.00
R406,67.57,-71.68,B,0.00
R406,67.57,-161.68,B,0.00
R407,65.60,-161.18,B,0.00
R407,65.60,-71.18,B,0.00
R408,67.57,-70.68,B,0.00
R408,67.57,-160.68,B,0.00
R409,65.60,-159.86,B,0.00
R409,65.60,-69.86,B,0.00
R410,67.57,-159.36,B,0.00
R410,67.57,-69.36,B,0.00
R411,65.60,-68.86,B,0.00
R411,65.60,-158.86,B,0.00
R412,67.57,-158.36,B,0.00
R412,67.57,-68.36,B,0.00
R413,65.60,-157.54,B,0.00
R413,65.60,-67.54,B,0.00
R414,67.57,-157.04,B,0.00
R414,67.57,-67.04,B,0.00
R415,65.60,-156.54,B,0.00
R415,65.60,-66.54,B,0.00
R416,67.57,-66.04,B,0.00
R416,67.57,-156.04,B,0.00
R417,65.60,-65.22,B,0.00
R417,65.60,-155.22,B,0.00
R418,67.57,-64.72,B,0.00
R418,67.57,-154.72,B,0.00
R419,65.60,-154.22,B,0.00
R419,65.60,-64.22,B,0.00
R420,67.57,-153.72,B,0.00
R420,67.57,-63.72,B,0.00
R421,65.60,-62.90,B,0.00
R421,65.60,-152.90,B,0.00
R422,67.57,-62.40,B,0.00
R422,67.57,-152.40,B,0.00
R423,65.60,-151.90,B,0.00
R423,65.60,-61.90,B,0.00
R424,67.57,-151.40,B,0.00
R424,67.57,-61.40,B,0.00
R425,65.60,-150.58,B,0.00
R425,65.60,-60.58,B,0.00
R426,67.57,-150.08,B,0.00
R426,67.57,-60.08,B,0.00
R427,65.60,-59.58,B,0.00
R427,65.60,-149.58,B,0.00
R428,67.57,-59.08,B,0.00
R428,67.57,-149.08,B,0.00
R429,65.60,-58.26,B,0.00
R429,65.60,-148.26,B,0.00
R430,67.57,-57.76,B,0.00
R430,67.57,-147.76,B,0.00
R431,65.60,-147.26,B,0.00
R431,65.60,-57.26,B,0.00
R432,67.57,-56.76,B,0.00
R432,67.57,-146.76,B,0.00
R433,65.60,-55.94,B,0.00
R433,65.60,-145.94,B,0.00
R434,67.57,-55.44,B,0.00
R434,67.57,-145.44,B,0.00
R435,65.60,-54.94,B,0.00
R435,65.60,-144.94,B,0.00
R436,67.57,-54.44,B,0.00
R436,67.57,-144.44,B,0.00
R437,65.60,-53.62,B,0.00
R437,65.60,-143.62,B,0.00
R438,67.57,-53.12,B,0.00
R438,67.57,-143.12,B,0.00
R439,65.60,-52.62,B,0.00
R439,65.60,-142.62,B,0.00
R440,67.57,-142.12,B,0.00
R440,67.57,-52.12,B,0.00
R441,65.60,-141.30,B,0.00
R441,65.60,-51.30,B,0.00
R442,67.57,-50.80,B,0.00
R442,67.57,-140.80,B,0.00
R443,65.60,-50.30,B,0.00
R443,65.60,-140.30,B,0.00
R444,67.57,-139.80,B,0.00
R444,67.57,-49.80,B,0.00
R445,65.60,-48.98,B,0.00
R445,65.60,-138.98,B,0.00
R446,67.57,-48.48,B,0.00
R446,67.57,-138.48,B,0.00
R447,65.60,-137.98,B,0.00
R447,65.60,-47.98,B,0.00
R448,67.57,-47.48,B,0.00
R448,67.57,-137.48,B,0.00
R449,65.60,-46.66,B,0.00
R449,65.60,-136.66,B,0.00
R450,67.57,-136.16,B,0.00
R450,67.57,-46.16,B,0.00
R451,65.60,-135.66,B,0.00
R451,65.60,-45.66,B,0.00
R452,67.57,-135.16,B,0.00
R452,67.57,-45.16,B,0.00
R453,65.60,-134.34,B,0.00
R453,65.60,-44.34,B,0.00
R454,67.57,-43.84,B,0.00
R454,67.57,-133.84,B,0.00
R455,65.60,-43.34,B,0.00
R455,65.60,-133.34,B,0.00
R456,67.57,-42.84,B,0.00
R456,67.57,-132.84,B,0.00
R457,65.60,-132.02,B,0.00
R457,65.60,-42.02,B,0.00
R458,67.57,-131.52,B,0.00
R458,67.57,-41.52,B,0.00
R459,65.60,-41.02,B,0.00
R459,65.60,-131.02,B,0.00
R460,67.57,-40.52,B,0.00
R460,67.57,-130.52,B,0.00
R461,65.60,-129.70,B,0.00
R461,65.60,-39.70,B,0.00
R462,67.57,-39.20,B,0.00
R462,67.57,-129.20,B,0.00
R463,65.60,-38.70,B,0.00
R463,65.60,-128.70,B,0.00
R464,67.57,-128.20,B,0.00
R464,67.57,-38.20,B,0.00
R465,65.60,-37.38,B,0.00
R465,65.60,-127.38,B,0.00
R466,67.57,-36.88,B,0.00
R466,67.57,-126.88,B,0.00
R467,65.60,-36.38,B,0.00
R467,65.60,-126.38,B,0.00
R468,67.57,-125.88,B,0.00
R468,67.57,-35.88,B,0.00
R469,65.60,-125.06,B,0.00
R469,65.60,-35.06,B,0.00
R470,67.57,-124.56,B,0.00
R470,67.57,-34.56,B,0.00
R471,65.60,-124.06,B,0.00
R471,65.60,-34.06,B,0.00
R472,67.57,-33.56,B,0.00
R472,67.57,-123.56,B,0.00
R473,65.60,-32.74,B,0.00
R473,65.60,-122.74,B,0.00
R474,67.57,-122.24,B,0.00
R474,67.57,-32.24,B,0.00
R475,65.60,-121.74,B,0.00
R475,65.60,-31.74,B,0.00
R476,67.57,-31.24,B,0.00
R476,67.57,-121.24,B,0.00
R477,65.60,-30.42,B,0.00
R477,65.60,-120.42,B,0.00
R478,67.57,-119.92,B,0.00
R478,67.57,-29.92,B,0.00
R479,65.60,-29.42,B,0.00
R479,65.60,-119.42,B,0.00
R480,67.57,-28.92,B,0.00
R480,67.57,-118.92,B,0.00
R481,65.60,-118.10,B,0.00
R481,65.60,-28.10,B,0.00
R482,67.57,-117.60,B,0.00
R482,67.57,-27.60,B,0.00
R483,65.60,-27.10,B,0.00
R483,65.60,-117.10,B,0.00
R484,67.57,-26.60,B,0.00
R484,67.57,-116.60,B,0.00
R485,65.60,-25.78,B,0.00
R485,65.60,-115.78,B,0.00
R486,67.57,-25.28,B,0.00
R486,67.57,-115.28,B,0.00
R487,65.60,-114.78,B,0.00
R487,65.60,-24.78,B,0.00
R488,67.57,-24.28,B,0.00
R488,67.57,-114.28,B,0.00
R489,65.60,-113.46,B,0.00
R489,65.60,-23.46,B,0.00
R490,67.57,-22.96,B,0.00
R490,67.57,-112.96,B,0.00
R491,65.60,-22.46,B,0.00
R491,65.60,-112.46,B,0.00
R492,67.57,-111.96,B,0.00
R492,67.57,-21.96,B,0.00
R493,65.60,-21.14,B,0.00
R493,65.60,-111.14,B,0.00
R494,67.57,-20.64,B,0.00
R494,67.57,-110.64,B,0.00
R495,65.60,-20.14,B,0.00
R495,65.60,-110.14,B,0.00
R496,67.57,-19.64,B,0.00
R496,67.57,-109.64,B,0.00
R497,79.03,-20.32,B,0.00
R497,79.03,-110.32,B,0.00
R498,79.08,-21.92,B,0.00
R498,79.08,-111.92,B,0.00
R499,79.03,-23.82,B,0.00
R499,79.03,-113.82,B,0.00
R500,79.08,-25.42,B,0.00
R500,79.08,-115.42,B,0.00
R501,79.03,-27.32,B,180.00
R501,79.03,-117.32,B,180.00
R502,79.08,-28.92,B,0.00
R502,79.08,-118.92,B,0.00
R503,79.03,-120.82,B,0.00
R503,79.03,-30.82,B,0.00
R504,79.08,-32.42,B,0.00
R504,79.08,-122.42,B,0.00
R505,79.03,-124.32,B,0.00
R505,79.03,-34.32,B,0.00
R506,79.08,-35.92,B,0.00
R506,79.08,-125.92,B,0.00
R507,79.03,-37.82,B,0.00
R507,79.03,-127.82,B,0.00
R508,79.08,-39.42,B,0.00
R508,79.08,-129.42,B,0.00
R509,79.03,-131.32,B,180.00
R509,79.03,-41.32,B,180.00
R510,79.08,-132.92,B,0.00
R510,79.08,-42.92,B,0.00
R511,79.03,-44.82,B,0.00
R511,79.03,-134.82,B,0.00
R512,79.08,-136.42,B,0.00
R512,79.08,-46.42,B,0.00
R513,79.03,-48.32,B,0.00
R513,79.03,-138.32,B,0.00
R514,79.08,-139.92,B,0.00
R514,79.08,-49.92,B,0.00
R515,79.03,-141.82,B,0.00
R515,79.03,-51.82,B,0.00
R516,79.08,-143.42,B,0.00
R516,79.08,-53.42,B,0.00
R517,79.03,-55.32,B,180.00
R517,79.03,-145.32,B,180.00
R518,79.08,-146.92,B,0.00
R518,79.08,-56.92,B,0.00
R519,79.03,-58.82,B,0.00
R519,79.03,-148.82,B,0.00
R520,79.08,-60.42,B,0.00
R520,79.08,-150.42,B,0.00
R521,79.03,-152.32,B,0.00
R521,79.03,-62.32,B,0.00
R522,79.08,-153.92,B,0.00
R522,79.08,-63.92,B,0.00
R523,79.03,-155.82,B,0.00
R523,79.03,-65.82,B,0.00
R524,79.08,-157.42,B,0.00
R524,79.08,-67.42,B,0.00
R525,79.03,-159.32,B,180.00
R525,79.03,-69.32,B,180.00
R526,79.08,-160.92,B,0.00
R526,79.08,-70.92,B,0.00
R527,79.03,-162.82,B,0.00
R527,79.03,-72.82,B,0.00
R528,79.08,-164.42,B,0.00
R528,79.08,-74.42,B,0.00
R601,180.16,-31.18,B,90.00
R601,180.16,-121.17,B,90.00
R602,184.96,-31.16,B,90.00
R602,184.96,-121.17,B,90.00
SW101,158.04,-58.30,B,270.00
SW101,158.04,-148.30,B,270.00
SW102,150.61,-58.29,B,90.00
SW102,150.61,-148.29,B,90.00
SW201,140.66,-14.25,B,270.00
SW201,140.66,-104.25,B,270.00
SW202,132.75,-14.15,B,90.00
SW202,132.75,-104.15,B,90.00
SW301,77.82,-80.78,B,90.00
SW301,77.82,-170.78,B,90.00
TP202,101.06,-128.47,B,0.00
TP202,101.06,-38.47,B,0.00
TP203,99.59,-40.84,B,0.00
TP203,99.59,-130.84,B,0.00
TP204,101.34,-35.97,B,270.00
TP204,101.34,-125.97,B,270.00
TP205,101.88,-135.49,B,0.00
TP205,101.88,-45.49,B,0.00
TP601,179.85,-142.47,B,270.00
TP601,179.85,-52.48,B,270.00
TP602,183.40,-142.47,B,270.00
TP602,183.40,-52.48,B,270.00
U101,157.82,-129.73,B,90.00
U101,157.82,-39.73,B,90.00
U201,110.90,-129.24,B,270.00
U201,110.90,-39.24,B,270.00
U301,179.85,-170.05,B,0.00
U301,179.85,-80.05,B,0.00
U302,171.68,-83.65,B,270.00
U302,171.68,-173.65,B,270.00
U401,70.66,-72.36,B,180.00
U401,70.66,-162.36,B,180.00
U402,70.66,-67.72,B,180.00
U402,70.66,-157.72,B,180.00
U403,70.66,-153.08,B,180.00
U403,70.66,-63.08,B,180.00
U404,70.66,-58.44,B,180.00
U404,70.66,-148.44,B,180.00
U405,70.66,-143.80,B,180.00
U405,70.66,-53.80,B,180.00
U406,70.66,-139.16,B,180.00
U406,70.66,-49.16,B,180.00
U407,70.66,-134.52,B,180.00
U407,70.66,-44.52,B,180.00
U408,70.66,-129.88,B,180.00
U408,70.66,-39.88,B,180.00
U409,70.66,-125.24,B,180.00
U409,70.66,-35.24,B,180.00
U410,70.66,-120.60,B,180.00
U410,70.66,-30.60,B,180.00
U411,70.66,-25.96,B,180.00
U411,70.66,-115.96,B,180.00
U412,70.66,-21.32,B,180.00
U412,70.66,-111.32,B,180.00
U413,82.18,-26.47,B,0.00
U413,82.18,-116.47,B,0.00
U414,83.18,-46.92,B,0.00
U414,83.18,-136.92,B,0.00
U415,82.18,-130.47,B,0.00
U415,82.18,-40.47,B,0.00
U416,82.18,-54.47,B,0.00
U416,82.18,-144.47,B,0.00
U417,82.18,-68.47,B,0.00
U417,82.18,-158.47,B,0.00
U418,89.21,-51.92,B,180.00
U418,89.21,-141.92,B,180.00
U601,181.97,-133.90,B,180.00
U601,181.97,-43.90,B,180.00
U602,114.08,-24.80,B,90.00
U602,114.08,-114.81,B,90.00
VCC601,179.74,-125.05,B,180.00
VCC601,179.74,-35.05,B,180.00
VCC602,182.59,-33.58,B,270.00
VCC602,182.59,-123.58,B,270.00
VCC603,185.46,-125.10,B,0.00
VCC603,185.46,-35.10,B,0.00
Y101,143.77,-129.73,B,90.00
Y101,143.77,-39.73,B,90.00
Y201,124.95,-39.24,B,270.00
Y201,124.95,-129.24,B,270.00
Y601,171.53,-44.08,B,270.00
Y601,171.53,-134.07,B,270.00
Y602,106.87,-114.59,B,270.00
Y602,106.87,-24.59,B,270.00
